Ingredient,Step,Checkpoint Directory
1,1000,https://olmo-checkpoints.org/ai2-llm/peteish13/stage2/olmo-13b-1124_stage2_ingredient1/step1000-unsharded/
1,2000,https://olmo-checkpoints.org/ai2-llm/peteish13/stage2/olmo-13b-1124_stage2_ingredient1/step2000-unsharded/
1,3000,https://olmo-checkpoints.org/ai2-llm/peteish13/stage2/olmo-13b-1124_stage2_ingredient1/step3000-unsharded/
1,4000,https://olmo-checkpoints.org/ai2-llm/peteish13/stage2/olmo-13b-1124_stage2_ingredient1/step4000-unsharded/
1,5000,https://olmo-checkpoints.org/ai2-llm/peteish13/stage2/olmo-13b-1124_stage2_ingredient1/step5000-unsharded/
1,6000,https://olmo-checkpoints.org/ai2-llm/peteish13/stage2/olmo-13b-1124_stage2_ingredient1/step6000-unsharded/
1,7000,https://olmo-checkpoints.org/ai2-llm/peteish13/stage2/olmo-13b-1124_stage2_ingredient1/step7000-unsharded/
1,8000,https://olmo-checkpoints.org/ai2-llm/peteish13/stage2/olmo-13b-1124_stage2_ingredient1/step8000-unsharded/
1,9000,https://olmo-checkpoints.org/ai2-llm/peteish13/stage2/olmo-13b-1124_stage2_ingredient1/step9000-unsharded/
1,10000,https://olmo-checkpoints.org/ai2-llm/peteish13/stage2/olmo-13b-1124_stage2_ingredient1/step10000-unsharded/
1,11000,https://olmo-checkpoints.org/ai2-llm/peteish13/stage2/olmo-13b-1124_stage2_ingredient1/step11000-unsharded/
1,11931,https://olmo-checkpoints.org/ai2-llm/peteish13/stage2/olmo-13b-1124_stage2_ingredient1/step11931-unsharded/
2,1000,https://olmo-checkpoints.org/ai2-llm/peteish13/stage2/olmo-13b-1124_stage2_ingredient2/step1000-unsharded/
2,2000,https://olmo-checkpoints.org/ai2-llm/peteish13/stage2/olmo-13b-1124_stage2_ingredient2/step2000-unsharded/
2,3000,https://olmo-checkpoints.org/ai2-llm/peteish13/stage2/olmo-13b-1124_stage2_ingredient2/step3000-unsharded/
2,4000,https://olmo-checkpoints.org/ai2-llm/peteish13/stage2/olmo-13b-1124_stage2_ingredient2/step4000-unsharded/
2,5000,https://olmo-checkpoints.org/ai2-llm/peteish13/stage2/olmo-13b-1124_stage2_ingredient2/step5000-unsharded/
2,6000,https://olmo-checkpoints.org/ai2-llm/peteish13/stage2/olmo-13b-1124_stage2_ingredient2/step6000-unsharded/
2,7000,https://olmo-checkpoints.org/ai2-llm/peteish13/stage2/olmo-13b-1124_stage2_ingredient2/step7000-unsharded/
2,8000,https://olmo-checkpoints.org/ai2-llm/peteish13/stage2/olmo-13b-1124_stage2_ingredient2/step8000-unsharded/
2,9000,https://olmo-checkpoints.org/ai2-llm/peteish13/stage2/olmo-13b-1124_stage2_ingredient2/step9000-unsharded/
2,10000,https://olmo-checkpoints.org/ai2-llm/peteish13/stage2/olmo-13b-1124_stage2_ingredient2/step10000-unsharded/
2,11000,https://olmo-checkpoints.org/ai2-llm/peteish13/stage2/olmo-13b-1124_stage2_ingredient2/step11000-unsharded/
2,11931,https://olmo-checkpoints.org/ai2-llm/peteish13/stage2/olmo-13b-1124_stage2_ingredient2/step11931-unsharded/
3,1000,https://olmo-checkpoints.org/ai2-llm/peteish13/stage2/olmo-13b-1124_stage2_ingredient3/step1000-unsharded/
3,2000,https://olmo-checkpoints.org/ai2-llm/peteish13/stage2/olmo-13b-1124_stage2_ingredient3/step2000-unsharded/
3,3000,https://olmo-checkpoints.org/ai2-llm/peteish13/stage2/olmo-13b-1124_stage2_ingredient3/step3000-unsharded/
3,4000,https://olmo-checkpoints.org/ai2-llm/peteish13/stage2/olmo-13b-1124_stage2_ingredient3/step4000-unsharded/
3,5000,https://olmo-checkpoints.org/ai2-llm/peteish13/stage2/olmo-13b-1124_stage2_ingredient3/step5000-unsharded/
3,6000,https://olmo-checkpoints.org/ai2-llm/peteish13/stage2/olmo-13b-1124_stage2_ingredient3/step6000-unsharded/
3,7000,https://olmo-checkpoints.org/ai2-llm/peteish13/stage2/olmo-13b-1124_stage2_ingredient3/step7000-unsharded/
3,8000,https://olmo-checkpoints.org/ai2-llm/peteish13/stage2/olmo-13b-1124_stage2_ingredient3/step8000-unsharded/
3,9000,https://olmo-checkpoints.org/ai2-llm/peteish13/stage2/olmo-13b-1124_stage2_ingredient3/step9000-unsharded/
3,10000,https://olmo-checkpoints.org/ai2-llm/peteish13/stage2/olmo-13b-1124_stage2_ingredient3/step10000-unsharded/
3,11000,https://olmo-checkpoints.org/ai2-llm/peteish13/stage2/olmo-13b-1124_stage2_ingredient3/step11000-unsharded/
3,11931,https://olmo-checkpoints.org/ai2-llm/peteish13/stage2/olmo-13b-1124_stage2_ingredient3/step11000-unsharded/
4,1000,https://olmo-checkpoints.org/ai2-llm/peteish13/stage2/olmo-13b-1124_stage2_ingredient4/step1000-unsharded/
4,2000,https://olmo-checkpoints.org/ai2-llm/peteish13/stage2/olmo-13b-1124_stage2_ingredient4/step2000-unsharded/
4,3000,https://olmo-checkpoints.org/ai2-llm/peteish13/stage2/olmo-13b-1124_stage2_ingredient4/step3000-unsharded/
4,4000,https://olmo-checkpoints.org/ai2-llm/peteish13/stage2/olmo-13b-1124_stage2_ingredient4/step4000-unsharded/
4,5000,https://olmo-checkpoints.org/ai2-llm/peteish13/stage2/olmo-13b-1124_stage2_ingredient4/step5000-unsharded/
4,6000,https://olmo-checkpoints.org/ai2-llm/peteish13/stage2/olmo-13b-1124_stage2_ingredient4/step6000-unsharded/
4,7000,https://olmo-checkpoints.org/ai2-llm/peteish13/stage2/olmo-13b-1124_stage2_ingredient4/step7000-unsharded/
4,8000,https://olmo-checkpoints.org/ai2-llm/peteish13/stage2/olmo-13b-1124_stage2_ingredient4/step8000-unsharded/
4,9000,https://olmo-checkpoints.org/ai2-llm/peteish13/stage2/olmo-13b-1124_stage2_ingredient4/step9000-unsharded/
4,10000,https://olmo-checkpoints.org/ai2-llm/peteish13/stage2/olmo-13b-1124_stage2_ingredient4/step10000-unsharded/
4,11000,https://olmo-checkpoints.org/ai2-llm/peteish13/stage2/olmo-13b-1124_stage2_ingredient4/step11000-unsharded/
4,12000,https://olmo-checkpoints.org/ai2-llm/peteish13/stage2/olmo-13b-1124_stage2_ingredient4/step12000-unsharded/
4,13000,https://olmo-checkpoints.org/ai2-llm/peteish13/stage2/olmo-13b-1124_stage2_ingredient4/step13000-unsharded/
4,14000,https://olmo-checkpoints.org/ai2-llm/peteish13/stage2/olmo-13b-1124_stage2_ingredient4/step14000-unsharded/
4,15000,https://olmo-checkpoints.org/ai2-llm/peteish13/stage2/olmo-13b-1124_stage2_ingredient4/step15000-unsharded/
4,16000,https://olmo-checkpoints.org/ai2-llm/peteish13/stage2/olmo-13b-1124_stage2_ingredient4/step16000-unsharded/
4,17000,https://olmo-checkpoints.org/ai2-llm/peteish13/stage2/olmo-13b-1124_stage2_ingredient4/step17000-unsharded/
4,18000,https://olmo-checkpoints.org/ai2-llm/peteish13/stage2/olmo-13b-1124_stage2_ingredient4/step18000-unsharded/
4,19000,https://olmo-checkpoints.org/ai2-llm/peteish13/stage2/olmo-13b-1124_stage2_ingredient4/step19000-unsharded/
4,20000,https://olmo-checkpoints.org/ai2-llm/peteish13/stage2/olmo-13b-1124_stage2_ingredient4/step20000-unsharded/
4,21000,https://olmo-checkpoints.org/ai2-llm/peteish13/stage2/olmo-13b-1124_stage2_ingredient4/step21000-unsharded/
4,22000,https://olmo-checkpoints.org/ai2-llm/peteish13/stage2/olmo-13b-1124_stage2_ingredient4/step22000-unsharded/
4,23000,https://olmo-checkpoints.org/ai2-llm/peteish13/stage2/olmo-13b-1124_stage2_ingredient4/step23000-unsharded/
4,24000,https://olmo-checkpoints.org/ai2-llm/peteish13/stage2/olmo-13b-1124_stage2_ingredient4/step24000-unsharded/
4,25000,https://olmo-checkpoints.org/ai2-llm/peteish13/stage2/olmo-13b-1124_stage2_ingredient4/step25000-unsharded/
4,26000,https://olmo-checkpoints.org/ai2-llm/peteish13/stage2/olmo-13b-1124_stage2_ingredient4/step26000-unsharded/
4,27000,https://olmo-checkpoints.org/ai2-llm/peteish13/stage2/olmo-13b-1124_stage2_ingredient4/step27000-unsharded/
4,28000,https://olmo-checkpoints.org/ai2-llm/peteish13/stage2/olmo-13b-1124_stage2_ingredient4/step28000-unsharded/
4,29000,https://olmo-checkpoints.org/ai2-llm/peteish13/stage2/olmo-13b-1124_stage2_ingredient4/step29000-unsharded/
4,30000,https://olmo-checkpoints.org/ai2-llm/peteish13/stage2/olmo-13b-1124_stage2_ingredient4/step30000-unsharded/
4,31000,https://olmo-checkpoints.org/ai2-llm/peteish13/stage2/olmo-13b-1124_stage2_ingredient4/step31000-unsharded/
4,32000,https://olmo-checkpoints.org/ai2-llm/peteish13/stage2/olmo-13b-1124_stage2_ingredient4/step32000-unsharded/
4,33000,https://olmo-checkpoints.org/ai2-llm/peteish13/stage2/olmo-13b-1124_stage2_ingredient4/step33000-unsharded/
4,34000,https://olmo-checkpoints.org/ai2-llm/peteish13/stage2/olmo-13b-1124_stage2_ingredient4/step34000-unsharded/
4,35000,https://olmo-checkpoints.org/ai2-llm/peteish13/stage2/olmo-13b-1124_stage2_ingredient4/step35000-unsharded/
4,35773,https://olmo-checkpoints.org/ai2-llm/peteish13/stage2/olmo-13b-1124_stage2_ingredient4/step35773-unsharded/