Step,Checkpoint Directory
0,https://olmo-checkpoints.org/ai2-llm/peteish7/step0-unsharded/
150,https://olmo-checkpoints.org/ai2-llm/peteish7/step150-unsharded/
600,https://olmo-checkpoints.org/ai2-llm/peteish7/step600-unsharded/
700,https://olmo-checkpoints.org/ai2-llm/peteish7/step700-unsharded/
850,https://olmo-checkpoints.org/ai2-llm/peteish7/step850-unsharded/
900,https://olmo-checkpoints.org/ai2-llm/peteish7/step900-unsharded/
1000,https://olmo-checkpoints.org/ai2-llm/peteish7/step1000-unsharded/
2000,https://olmo-checkpoints.org/ai2-llm/peteish7/step2000-unsharded/
2150,https://olmo-checkpoints.org/ai2-llm/peteish7/step2150-unsharded/
3000,https://olmo-checkpoints.org/ai2-llm/peteish7/step3000-unsharded/
4000,https://olmo-checkpoints.org/ai2-llm/peteish7/step4000-unsharded/
5000,https://olmo-checkpoints.org/ai2-llm/peteish7/step5000-unsharded/
6000,https://olmo-checkpoints.org/ai2-llm/peteish7/step6000-unsharded/
7000,https://olmo-checkpoints.org/ai2-llm/peteish7/step7000-unsharded/
8000,https://olmo-checkpoints.org/ai2-llm/peteish7/step8000-unsharded/
9000,https://olmo-checkpoints.org/ai2-llm/peteish7/step9000-unsharded/
10000,https://olmo-checkpoints.org/ai2-llm/peteish7/step10000-unsharded/
11000,https://olmo-checkpoints.org/ai2-llm/peteish7/step11000-unsharded/
12000,https://olmo-checkpoints.org/ai2-llm/peteish7/step12000-unsharded/
13000,https://olmo-checkpoints.org/ai2-llm/peteish7/step13000-unsharded/
14000,https://olmo-checkpoints.org/ai2-llm/peteish7/step14000-unsharded/
15000,https://olmo-checkpoints.org/ai2-llm/peteish7/step15000-unsharded/
16000,https://olmo-checkpoints.org/ai2-llm/peteish7/step16000-unsharded/
17000,https://olmo-checkpoints.org/ai2-llm/peteish7/step17000-unsharded/
18000,https://olmo-checkpoints.org/ai2-llm/peteish7/step18000-unsharded/
19000,https://olmo-checkpoints.org/ai2-llm/peteish7/step19000-unsharded/
20000,https://olmo-checkpoints.org/ai2-llm/peteish7/step20000-unsharded/
21000,https://olmo-checkpoints.org/ai2-llm/peteish7/step21000-unsharded/
22000,https://olmo-checkpoints.org/ai2-llm/peteish7/step22000-unsharded/
23000,https://olmo-checkpoints.org/ai2-llm/peteish7/step23000-unsharded/
24000,https://olmo-checkpoints.org/ai2-llm/peteish7/step24000-unsharded/
25000,https://olmo-checkpoints.org/ai2-llm/peteish7/step25000-unsharded/
26000,https://olmo-checkpoints.org/ai2-llm/peteish7/step26000-unsharded/
27000,https://olmo-checkpoints.org/ai2-llm/peteish7/step27000-unsharded/
28000,https://olmo-checkpoints.org/ai2-llm/peteish7/step28000-unsharded/
29000,https://olmo-checkpoints.org/ai2-llm/peteish7/step29000-unsharded/
30000,https://olmo-checkpoints.org/ai2-llm/peteish7/step30000-unsharded/
31000,https://olmo-checkpoints.org/ai2-llm/peteish7/step31000-unsharded/
32000,https://olmo-checkpoints.org/ai2-llm/peteish7/step32000-unsharded/
33000,https://olmo-checkpoints.org/ai2-llm/peteish7/step33000-unsharded/
34000,https://olmo-checkpoints.org/ai2-llm/peteish7/step34000-unsharded/
35000,https://olmo-checkpoints.org/ai2-llm/peteish7/step35000-unsharded/
36000,https://olmo-checkpoints.org/ai2-llm/peteish7/step36000-unsharded/
37000,https://olmo-checkpoints.org/ai2-llm/peteish7/step37000-unsharded/
38000,https://olmo-checkpoints.org/ai2-llm/peteish7/step38000-unsharded/
39000,https://olmo-checkpoints.org/ai2-llm/peteish7/step39000-unsharded/
40000,https://olmo-checkpoints.org/ai2-llm/peteish7/step40000-unsharded/
41000,https://olmo-checkpoints.org/ai2-llm/peteish7/step41000-unsharded/
42000,https://olmo-checkpoints.org/ai2-llm/peteish7/step42000-unsharded/
43000,https://olmo-checkpoints.org/ai2-llm/peteish7/step43000-unsharded/
44000,https://olmo-checkpoints.org/ai2-llm/peteish7/step44000-unsharded/
45000,https://olmo-checkpoints.org/ai2-llm/peteish7/step45000-unsharded/
46000,https://olmo-checkpoints.org/ai2-llm/peteish7/step46000-unsharded/
47000,https://olmo-checkpoints.org/ai2-llm/peteish7/step47000-unsharded/
48000,https://olmo-checkpoints.org/ai2-llm/peteish7/step48000-unsharded/
49000,https://olmo-checkpoints.org/ai2-llm/peteish7/step49000-unsharded/
50000,https://olmo-checkpoints.org/ai2-llm/peteish7/step50000-unsharded/
51000,https://olmo-checkpoints.org/ai2-llm/peteish7/step51000-unsharded/
52000,https://olmo-checkpoints.org/ai2-llm/peteish7/step52000-unsharded/
53000,https://olmo-checkpoints.org/ai2-llm/peteish7/step53000-unsharded/
54000,https://olmo-checkpoints.org/ai2-llm/peteish7/step54000-unsharded/
55000,https://olmo-checkpoints.org/ai2-llm/peteish7/step55000-unsharded/
56000,https://olmo-checkpoints.org/ai2-llm/peteish7/step56000-unsharded/
57000,https://olmo-checkpoints.org/ai2-llm/peteish7/step57000-unsharded/
58000,https://olmo-checkpoints.org/ai2-llm/peteish7/step58000-unsharded/
59000,https://olmo-checkpoints.org/ai2-llm/peteish7/step59000-unsharded/
60000,https://olmo-checkpoints.org/ai2-llm/peteish7/step60000-unsharded/
61000,https://olmo-checkpoints.org/ai2-llm/peteish7/step61000-unsharded/
62000,https://olmo-checkpoints.org/ai2-llm/peteish7/step62000-unsharded/
63000,https://olmo-checkpoints.org/ai2-llm/peteish7/step63000-unsharded/
64000,https://olmo-checkpoints.org/ai2-llm/peteish7/step64000-unsharded/
65000,https://olmo-checkpoints.org/ai2-llm/peteish7/step65000-unsharded/
66000,https://olmo-checkpoints.org/ai2-llm/peteish7/step66000-unsharded/
67000,https://olmo-checkpoints.org/ai2-llm/peteish7/step67000-unsharded/
68000,https://olmo-checkpoints.org/ai2-llm/peteish7/step68000-unsharded/
69000,https://olmo-checkpoints.org/ai2-llm/peteish7/step69000-unsharded/
70000,https://olmo-checkpoints.org/ai2-llm/peteish7/step70000-unsharded/
71000,https://olmo-checkpoints.org/ai2-llm/peteish7/step71000-unsharded/
72000,https://olmo-checkpoints.org/ai2-llm/peteish7/step72000-unsharded/
73000,https://olmo-checkpoints.org/ai2-llm/peteish7/step73000-unsharded/
74000,https://olmo-checkpoints.org/ai2-llm/peteish7/step74000-unsharded/
75000,https://olmo-checkpoints.org/ai2-llm/peteish7/step75000-unsharded/
76000,https://olmo-checkpoints.org/ai2-llm/peteish7/step76000-unsharded/
77000,https://olmo-checkpoints.org/ai2-llm/peteish7/step77000-unsharded/
78000,https://olmo-checkpoints.org/ai2-llm/peteish7/step78000-unsharded/
79000,https://olmo-checkpoints.org/ai2-llm/peteish7/step79000-unsharded/
80000,https://olmo-checkpoints.org/ai2-llm/peteish7/step80000-unsharded/
81000,https://olmo-checkpoints.org/ai2-llm/peteish7/step81000-unsharded/
82000,https://olmo-checkpoints.org/ai2-llm/peteish7/step82000-unsharded/
83000,https://olmo-checkpoints.org/ai2-llm/peteish7/step83000-unsharded/
84000,https://olmo-checkpoints.org/ai2-llm/peteish7/step84000-unsharded/
85000,https://olmo-checkpoints.org/ai2-llm/peteish7/step85000-unsharded/
86000,https://olmo-checkpoints.org/ai2-llm/peteish7/step86000-unsharded/
87000,https://olmo-checkpoints.org/ai2-llm/peteish7/step87000-unsharded/
88000,https://olmo-checkpoints.org/ai2-llm/peteish7/step88000-unsharded/
89000,https://olmo-checkpoints.org/ai2-llm/peteish7/step89000-unsharded/
90000,https://olmo-checkpoints.org/ai2-llm/peteish7/step90000-unsharded/
91000,https://olmo-checkpoints.org/ai2-llm/peteish7/step91000-unsharded/
92000,https://olmo-checkpoints.org/ai2-llm/peteish7/step92000-unsharded/
93000,https://olmo-checkpoints.org/ai2-llm/peteish7/step93000-unsharded/
94000,https://olmo-checkpoints.org/ai2-llm/peteish7/step94000-unsharded/
95000,https://olmo-checkpoints.org/ai2-llm/peteish7/step95000-unsharded/
96000,https://olmo-checkpoints.org/ai2-llm/peteish7/step96000-unsharded/
97000,https://olmo-checkpoints.org/ai2-llm/peteish7/step97000-unsharded/
98000,https://olmo-checkpoints.org/ai2-llm/peteish7/step98000-unsharded/
99000,https://olmo-checkpoints.org/ai2-llm/peteish7/step99000-unsharded/
100000,https://olmo-checkpoints.org/ai2-llm/peteish7/step100000-unsharded/
101000,https://olmo-checkpoints.org/ai2-llm/peteish7/step101000-unsharded/
102000,https://olmo-checkpoints.org/ai2-llm/peteish7/step102000-unsharded/
103000,https://olmo-checkpoints.org/ai2-llm/peteish7/step103000-unsharded/
104000,https://olmo-checkpoints.org/ai2-llm/peteish7/step104000-unsharded/
105000,https://olmo-checkpoints.org/ai2-llm/peteish7/step105000-unsharded/
106000,https://olmo-checkpoints.org/ai2-llm/peteish7/step106000-unsharded/
107000,https://olmo-checkpoints.org/ai2-llm/peteish7/step107000-unsharded/
108000,https://olmo-checkpoints.org/ai2-llm/peteish7/step108000-unsharded/
109000,https://olmo-checkpoints.org/ai2-llm/peteish7/step109000-unsharded/
110000,https://olmo-checkpoints.org/ai2-llm/peteish7/step110000-unsharded/
111000,https://olmo-checkpoints.org/ai2-llm/peteish7/step111000-unsharded/
112000,https://olmo-checkpoints.org/ai2-llm/peteish7/step112000-unsharded/
113000,https://olmo-checkpoints.org/ai2-llm/peteish7/step113000-unsharded/
114000,https://olmo-checkpoints.org/ai2-llm/peteish7/step114000-unsharded/
115000,https://olmo-checkpoints.org/ai2-llm/peteish7/step115000-unsharded/
116000,https://olmo-checkpoints.org/ai2-llm/peteish7/step116000-unsharded/
117000,https://olmo-checkpoints.org/ai2-llm/peteish7/step117000-unsharded/
118000,https://olmo-checkpoints.org/ai2-llm/peteish7/step118000-unsharded/
119000,https://olmo-checkpoints.org/ai2-llm/peteish7/step119000-unsharded/
120000,https://olmo-checkpoints.org/ai2-llm/peteish7/step120000-unsharded/
121000,https://olmo-checkpoints.org/ai2-llm/peteish7/step121000-unsharded/
122000,https://olmo-checkpoints.org/ai2-llm/peteish7/step122000-unsharded/
123000,https://olmo-checkpoints.org/ai2-llm/peteish7/step123000-unsharded/
124000,https://olmo-checkpoints.org/ai2-llm/peteish7/step124000-unsharded/
125000,https://olmo-checkpoints.org/ai2-llm/peteish7/step125000-unsharded/
126000,https://olmo-checkpoints.org/ai2-llm/peteish7/step126000-unsharded/
127000,https://olmo-checkpoints.org/ai2-llm/peteish7/step127000-unsharded/
128000,https://olmo-checkpoints.org/ai2-llm/peteish7/step128000-unsharded/
129000,https://olmo-checkpoints.org/ai2-llm/peteish7/step129000-unsharded/
130000,https://olmo-checkpoints.org/ai2-llm/peteish7/step130000-unsharded/
131000,https://olmo-checkpoints.org/ai2-llm/peteish7/step131000-unsharded/
132000,https://olmo-checkpoints.org/ai2-llm/peteish7/step132000-unsharded/
133000,https://olmo-checkpoints.org/ai2-llm/peteish7/step133000-unsharded/
134000,https://olmo-checkpoints.org/ai2-llm/peteish7/step134000-unsharded/
135000,https://olmo-checkpoints.org/ai2-llm/peteish7/step135000-unsharded/
136000,https://olmo-checkpoints.org/ai2-llm/peteish7/step136000-unsharded/
137000,https://olmo-checkpoints.org/ai2-llm/peteish7/step137000-unsharded/
138000,https://olmo-checkpoints.org/ai2-llm/peteish7/step138000-unsharded/
139000,https://olmo-checkpoints.org/ai2-llm/peteish7/step139000-unsharded/
140000,https://olmo-checkpoints.org/ai2-llm/peteish7/step140000-unsharded/
141000,https://olmo-checkpoints.org/ai2-llm/peteish7/step141000-unsharded/
142000,https://olmo-checkpoints.org/ai2-llm/peteish7/step142000-unsharded/
143000,https://olmo-checkpoints.org/ai2-llm/peteish7/step143000-unsharded/
144000,https://olmo-checkpoints.org/ai2-llm/peteish7/step144000-unsharded/
145000,https://olmo-checkpoints.org/ai2-llm/peteish7/step145000-unsharded/
146000,https://olmo-checkpoints.org/ai2-llm/peteish7/step146000-unsharded/
147000,https://olmo-checkpoints.org/ai2-llm/peteish7/step147000-unsharded/
148000,https://olmo-checkpoints.org/ai2-llm/peteish7/step148000-unsharded/
149000,https://olmo-checkpoints.org/ai2-llm/peteish7/step149000-unsharded/
150000,https://olmo-checkpoints.org/ai2-llm/peteish7/step150000-unsharded/
151000,https://olmo-checkpoints.org/ai2-llm/peteish7/step151000-unsharded/
152000,https://olmo-checkpoints.org/ai2-llm/peteish7/step152000-unsharded/
153000,https://olmo-checkpoints.org/ai2-llm/peteish7/step153000-unsharded/
154000,https://olmo-checkpoints.org/ai2-llm/peteish7/step154000-unsharded/
155000,https://olmo-checkpoints.org/ai2-llm/peteish7/step155000-unsharded/
156000,https://olmo-checkpoints.org/ai2-llm/peteish7/step156000-unsharded/
157000,https://olmo-checkpoints.org/ai2-llm/peteish7/step157000-unsharded/
158000,https://olmo-checkpoints.org/ai2-llm/peteish7/step158000-unsharded/
159000,https://olmo-checkpoints.org/ai2-llm/peteish7/step159000-unsharded/
160000,https://olmo-checkpoints.org/ai2-llm/peteish7/step160000-unsharded/
161000,https://olmo-checkpoints.org/ai2-llm/peteish7/step161000-unsharded/
162000,https://olmo-checkpoints.org/ai2-llm/peteish7/step162000-unsharded/
163000,https://olmo-checkpoints.org/ai2-llm/peteish7/step163000-unsharded/
164000,https://olmo-checkpoints.org/ai2-llm/peteish7/step164000-unsharded/
165000,https://olmo-checkpoints.org/ai2-llm/peteish7/step165000-unsharded/
166000,https://olmo-checkpoints.org/ai2-llm/peteish7/step166000-unsharded/
167000,https://olmo-checkpoints.org/ai2-llm/peteish7/step167000-unsharded/
168000,https://olmo-checkpoints.org/ai2-llm/peteish7/step168000-unsharded/
169000,https://olmo-checkpoints.org/ai2-llm/peteish7/step169000-unsharded/
170000,https://olmo-checkpoints.org/ai2-llm/peteish7/step170000-unsharded/
171000,https://olmo-checkpoints.org/ai2-llm/peteish7/step171000-unsharded/
172000,https://olmo-checkpoints.org/ai2-llm/peteish7/step172000-unsharded/
173000,https://olmo-checkpoints.org/ai2-llm/peteish7/step173000-unsharded/
174000,https://olmo-checkpoints.org/ai2-llm/peteish7/step174000-unsharded/
175000,https://olmo-checkpoints.org/ai2-llm/peteish7/step175000-unsharded/
176000,https://olmo-checkpoints.org/ai2-llm/peteish7/step176000-unsharded/
177000,https://olmo-checkpoints.org/ai2-llm/peteish7/step177000-unsharded/
178000,https://olmo-checkpoints.org/ai2-llm/peteish7/step178000-unsharded/
179000,https://olmo-checkpoints.org/ai2-llm/peteish7/step179000-unsharded/
180000,https://olmo-checkpoints.org/ai2-llm/peteish7/step180000-unsharded/
181000,https://olmo-checkpoints.org/ai2-llm/peteish7/step181000-unsharded/
182000,https://olmo-checkpoints.org/ai2-llm/peteish7/step182000-unsharded/
183000,https://olmo-checkpoints.org/ai2-llm/peteish7/step183000-unsharded/
184000,https://olmo-checkpoints.org/ai2-llm/peteish7/step184000-unsharded/
185000,https://olmo-checkpoints.org/ai2-llm/peteish7/step185000-unsharded/
186000,https://olmo-checkpoints.org/ai2-llm/peteish7/step186000-unsharded/
187000,https://olmo-checkpoints.org/ai2-llm/peteish7/step187000-unsharded/
188000,https://olmo-checkpoints.org/ai2-llm/peteish7/step188000-unsharded/
189000,https://olmo-checkpoints.org/ai2-llm/peteish7/step189000-unsharded/
190000,https://olmo-checkpoints.org/ai2-llm/peteish7/step190000-unsharded/
191000,https://olmo-checkpoints.org/ai2-llm/peteish7/step191000-unsharded/
192000,https://olmo-checkpoints.org/ai2-llm/peteish7/step192000-unsharded/
193000,https://olmo-checkpoints.org/ai2-llm/peteish7/step193000-unsharded/
194000,https://olmo-checkpoints.org/ai2-llm/peteish7/step194000-unsharded/
195000,https://olmo-checkpoints.org/ai2-llm/peteish7/step195000-unsharded/
196000,https://olmo-checkpoints.org/ai2-llm/peteish7/step196000-unsharded/
197000,https://olmo-checkpoints.org/ai2-llm/peteish7/step197000-unsharded/
198000,https://olmo-checkpoints.org/ai2-llm/peteish7/step198000-unsharded/
199000,https://olmo-checkpoints.org/ai2-llm/peteish7/step199000-unsharded/
200000,https://olmo-checkpoints.org/ai2-llm/peteish7/step200000-unsharded/
201000,https://olmo-checkpoints.org/ai2-llm/peteish7/step201000-unsharded/
202000,https://olmo-checkpoints.org/ai2-llm/peteish7/step202000-unsharded/
203000,https://olmo-checkpoints.org/ai2-llm/peteish7/step203000-unsharded/
204000,https://olmo-checkpoints.org/ai2-llm/peteish7/step204000-unsharded/
205000,https://olmo-checkpoints.org/ai2-llm/peteish7/step205000-unsharded/
206000,https://olmo-checkpoints.org/ai2-llm/peteish7/step206000-unsharded/
207000,https://olmo-checkpoints.org/ai2-llm/peteish7/step207000-unsharded/
208000,https://olmo-checkpoints.org/ai2-llm/peteish7/step208000-unsharded/
209000,https://olmo-checkpoints.org/ai2-llm/peteish7/step209000-unsharded/
210000,https://olmo-checkpoints.org/ai2-llm/peteish7/step210000-unsharded/
211000,https://olmo-checkpoints.org/ai2-llm/peteish7/step211000-unsharded/
212000,https://olmo-checkpoints.org/ai2-llm/peteish7/step212000-unsharded/
213000,https://olmo-checkpoints.org/ai2-llm/peteish7/step213000-unsharded/
214000,https://olmo-checkpoints.org/ai2-llm/peteish7/step214000-unsharded/
215000,https://olmo-checkpoints.org/ai2-llm/peteish7/step215000-unsharded/
216000,https://olmo-checkpoints.org/ai2-llm/peteish7/step216000-unsharded/
217000,https://olmo-checkpoints.org/ai2-llm/peteish7/step217000-unsharded/
218000,https://olmo-checkpoints.org/ai2-llm/peteish7/step218000-unsharded/
219000,https://olmo-checkpoints.org/ai2-llm/peteish7/step219000-unsharded/
220000,https://olmo-checkpoints.org/ai2-llm/peteish7/step220000-unsharded/
221000,https://olmo-checkpoints.org/ai2-llm/peteish7/step221000-unsharded/
222000,https://olmo-checkpoints.org/ai2-llm/peteish7/step222000-unsharded/
223000,https://olmo-checkpoints.org/ai2-llm/peteish7/step223000-unsharded/
224000,https://olmo-checkpoints.org/ai2-llm/peteish7/step224000-unsharded/
225000,https://olmo-checkpoints.org/ai2-llm/peteish7/step225000-unsharded/
226000,https://olmo-checkpoints.org/ai2-llm/peteish7/step226000-unsharded/
227000,https://olmo-checkpoints.org/ai2-llm/peteish7/step227000-unsharded/
228000,https://olmo-checkpoints.org/ai2-llm/peteish7/step228000-unsharded/
229000,https://olmo-checkpoints.org/ai2-llm/peteish7/step229000-unsharded/
230000,https://olmo-checkpoints.org/ai2-llm/peteish7/step230000-unsharded/
231000,https://olmo-checkpoints.org/ai2-llm/peteish7/step231000-unsharded/
232000,https://olmo-checkpoints.org/ai2-llm/peteish7/step232000-unsharded/
233000,https://olmo-checkpoints.org/ai2-llm/peteish7/step233000-unsharded/
234000,https://olmo-checkpoints.org/ai2-llm/peteish7/step234000-unsharded/
235000,https://olmo-checkpoints.org/ai2-llm/peteish7/step235000-unsharded/
236000,https://olmo-checkpoints.org/ai2-llm/peteish7/step236000-unsharded/
237000,https://olmo-checkpoints.org/ai2-llm/peteish7/step237000-unsharded/
238000,https://olmo-checkpoints.org/ai2-llm/peteish7/step238000-unsharded/
239000,https://olmo-checkpoints.org/ai2-llm/peteish7/step239000-unsharded/
240000,https://olmo-checkpoints.org/ai2-llm/peteish7/step240000-unsharded/
241000,https://olmo-checkpoints.org/ai2-llm/peteish7/step241000-unsharded/
242000,https://olmo-checkpoints.org/ai2-llm/peteish7/step242000-unsharded/
243000,https://olmo-checkpoints.org/ai2-llm/peteish7/step243000-unsharded/
244000,https://olmo-checkpoints.org/ai2-llm/peteish7/step244000-unsharded/
245000,https://olmo-checkpoints.org/ai2-llm/peteish7/step245000-unsharded/
246000,https://olmo-checkpoints.org/ai2-llm/peteish7/step246000-unsharded/
247000,https://olmo-checkpoints.org/ai2-llm/peteish7/step247000-unsharded/
248000,https://olmo-checkpoints.org/ai2-llm/peteish7/step248000-unsharded/
249000,https://olmo-checkpoints.org/ai2-llm/peteish7/step249000-unsharded/
250000,https://olmo-checkpoints.org/ai2-llm/peteish7/step250000-unsharded/
251000,https://olmo-checkpoints.org/ai2-llm/peteish7/step251000-unsharded/
252000,https://olmo-checkpoints.org/ai2-llm/peteish7/step252000-unsharded/
253000,https://olmo-checkpoints.org/ai2-llm/peteish7/step253000-unsharded/
254000,https://olmo-checkpoints.org/ai2-llm/peteish7/step254000-unsharded/
255000,https://olmo-checkpoints.org/ai2-llm/peteish7/step255000-unsharded/
256000,https://olmo-checkpoints.org/ai2-llm/peteish7/step256000-unsharded/
257000,https://olmo-checkpoints.org/ai2-llm/peteish7/step257000-unsharded/
258000,https://olmo-checkpoints.org/ai2-llm/peteish7/step258000-unsharded/
259000,https://olmo-checkpoints.org/ai2-llm/peteish7/step259000-unsharded/
260000,https://olmo-checkpoints.org/ai2-llm/peteish7/step260000-unsharded/
261000,https://olmo-checkpoints.org/ai2-llm/peteish7/step261000-unsharded/
262000,https://olmo-checkpoints.org/ai2-llm/peteish7/step262000-unsharded/
263000,https://olmo-checkpoints.org/ai2-llm/peteish7/step263000-unsharded/
264000,https://olmo-checkpoints.org/ai2-llm/peteish7/step264000-unsharded/
265000,https://olmo-checkpoints.org/ai2-llm/peteish7/step265000-unsharded/
266000,https://olmo-checkpoints.org/ai2-llm/peteish7/step266000-unsharded/
267000,https://olmo-checkpoints.org/ai2-llm/peteish7/step267000-unsharded/
268000,https://olmo-checkpoints.org/ai2-llm/peteish7/step268000-unsharded/
269000,https://olmo-checkpoints.org/ai2-llm/peteish7/step269000-unsharded/
270000,https://olmo-checkpoints.org/ai2-llm/peteish7/step270000-unsharded/
271000,https://olmo-checkpoints.org/ai2-llm/peteish7/step271000-unsharded/
272000,https://olmo-checkpoints.org/ai2-llm/peteish7/step272000-unsharded/
273000,https://olmo-checkpoints.org/ai2-llm/peteish7/step273000-unsharded/
274000,https://olmo-checkpoints.org/ai2-llm/peteish7/step274000-unsharded/
275000,https://olmo-checkpoints.org/ai2-llm/peteish7/step275000-unsharded/
276000,https://olmo-checkpoints.org/ai2-llm/peteish7/step276000-unsharded/
277000,https://olmo-checkpoints.org/ai2-llm/peteish7/step277000-unsharded/
278000,https://olmo-checkpoints.org/ai2-llm/peteish7/step278000-unsharded/
279000,https://olmo-checkpoints.org/ai2-llm/peteish7/step279000-unsharded/
280000,https://olmo-checkpoints.org/ai2-llm/peteish7/step280000-unsharded/
281000,https://olmo-checkpoints.org/ai2-llm/peteish7/step281000-unsharded/
282000,https://olmo-checkpoints.org/ai2-llm/peteish7/step282000-unsharded/
283000,https://olmo-checkpoints.org/ai2-llm/peteish7/step283000-unsharded/
284000,https://olmo-checkpoints.org/ai2-llm/peteish7/step284000-unsharded/
285000,https://olmo-checkpoints.org/ai2-llm/peteish7/step285000-unsharded/
286000,https://olmo-checkpoints.org/ai2-llm/peteish7/step286000-unsharded/
287000,https://olmo-checkpoints.org/ai2-llm/peteish7/step287000-unsharded/
288000,https://olmo-checkpoints.org/ai2-llm/peteish7/step288000-unsharded/
289000,https://olmo-checkpoints.org/ai2-llm/peteish7/step289000-unsharded/
290000,https://olmo-checkpoints.org/ai2-llm/peteish7/step290000-unsharded/
291000,https://olmo-checkpoints.org/ai2-llm/peteish7/step291000-unsharded/
292000,https://olmo-checkpoints.org/ai2-llm/peteish7/step292000-unsharded/
293000,https://olmo-checkpoints.org/ai2-llm/peteish7/step293000-unsharded/
294000,https://olmo-checkpoints.org/ai2-llm/peteish7/step294000-unsharded/
295000,https://olmo-checkpoints.org/ai2-llm/peteish7/step295000-unsharded/
296000,https://olmo-checkpoints.org/ai2-llm/peteish7/step296000-unsharded/
297000,https://olmo-checkpoints.org/ai2-llm/peteish7/step297000-unsharded/
298000,https://olmo-checkpoints.org/ai2-llm/peteish7/step298000-unsharded/
299000,https://olmo-checkpoints.org/ai2-llm/peteish7/step299000-unsharded/
300000,https://olmo-checkpoints.org/ai2-llm/peteish7/step300000-unsharded/
301000,https://olmo-checkpoints.org/ai2-llm/peteish7/step301000-unsharded/
302000,https://olmo-checkpoints.org/ai2-llm/peteish7/step302000-unsharded/
303000,https://olmo-checkpoints.org/ai2-llm/peteish7/step303000-unsharded/
304000,https://olmo-checkpoints.org/ai2-llm/peteish7/step304000-unsharded/
305000,https://olmo-checkpoints.org/ai2-llm/peteish7/step305000-unsharded/
306000,https://olmo-checkpoints.org/ai2-llm/peteish7/step306000-unsharded/
307000,https://olmo-checkpoints.org/ai2-llm/peteish7/step307000-unsharded/
308000,https://olmo-checkpoints.org/ai2-llm/peteish7/step308000-unsharded/
309000,https://olmo-checkpoints.org/ai2-llm/peteish7/step309000-unsharded/
310000,https://olmo-checkpoints.org/ai2-llm/peteish7/step310000-unsharded/
311000,https://olmo-checkpoints.org/ai2-llm/peteish7/step311000-unsharded/
312000,https://olmo-checkpoints.org/ai2-llm/peteish7/step312000-unsharded/
313000,https://olmo-checkpoints.org/ai2-llm/peteish7/step313000-unsharded/
314000,https://olmo-checkpoints.org/ai2-llm/peteish7/step314000-unsharded/
315000,https://olmo-checkpoints.org/ai2-llm/peteish7/step315000-unsharded/
316000,https://olmo-checkpoints.org/ai2-llm/peteish7/step316000-unsharded/
317000,https://olmo-checkpoints.org/ai2-llm/peteish7/step317000-unsharded/
318000,https://olmo-checkpoints.org/ai2-llm/peteish7/step318000-unsharded/
319000,https://olmo-checkpoints.org/ai2-llm/peteish7/step319000-unsharded/
320000,https://olmo-checkpoints.org/ai2-llm/peteish7/step320000-unsharded/
321000,https://olmo-checkpoints.org/ai2-llm/peteish7/step321000-unsharded/
322000,https://olmo-checkpoints.org/ai2-llm/peteish7/step322000-unsharded/
323000,https://olmo-checkpoints.org/ai2-llm/peteish7/step323000-unsharded/
324000,https://olmo-checkpoints.org/ai2-llm/peteish7/step324000-unsharded/
325000,https://olmo-checkpoints.org/ai2-llm/peteish7/step325000-unsharded/
326000,https://olmo-checkpoints.org/ai2-llm/peteish7/step326000-unsharded/
327000,https://olmo-checkpoints.org/ai2-llm/peteish7/step327000-unsharded/
328000,https://olmo-checkpoints.org/ai2-llm/peteish7/step328000-unsharded/
329000,https://olmo-checkpoints.org/ai2-llm/peteish7/step329000-unsharded/
330000,https://olmo-checkpoints.org/ai2-llm/peteish7/step330000-unsharded/
331000,https://olmo-checkpoints.org/ai2-llm/peteish7/step331000-unsharded/
332000,https://olmo-checkpoints.org/ai2-llm/peteish7/step332000-unsharded/
333000,https://olmo-checkpoints.org/ai2-llm/peteish7/step333000-unsharded/
334000,https://olmo-checkpoints.org/ai2-llm/peteish7/step334000-unsharded/
335000,https://olmo-checkpoints.org/ai2-llm/peteish7/step335000-unsharded/
336000,https://olmo-checkpoints.org/ai2-llm/peteish7/step336000-unsharded/
337000,https://olmo-checkpoints.org/ai2-llm/peteish7/step337000-unsharded/
338000,https://olmo-checkpoints.org/ai2-llm/peteish7/step338000-unsharded/
339000,https://olmo-checkpoints.org/ai2-llm/peteish7/step339000-unsharded/
340000,https://olmo-checkpoints.org/ai2-llm/peteish7/step340000-unsharded/
341000,https://olmo-checkpoints.org/ai2-llm/peteish7/step341000-unsharded/
342000,https://olmo-checkpoints.org/ai2-llm/peteish7/step342000-unsharded/
343000,https://olmo-checkpoints.org/ai2-llm/peteish7/step343000-unsharded/
344000,https://olmo-checkpoints.org/ai2-llm/peteish7/step344000-unsharded/
345000,https://olmo-checkpoints.org/ai2-llm/peteish7/step345000-unsharded/
346000,https://olmo-checkpoints.org/ai2-llm/peteish7/step346000-unsharded/
347000,https://olmo-checkpoints.org/ai2-llm/peteish7/step347000-unsharded/
348000,https://olmo-checkpoints.org/ai2-llm/peteish7/step348000-unsharded/
349000,https://olmo-checkpoints.org/ai2-llm/peteish7/step349000-unsharded/
350000,https://olmo-checkpoints.org/ai2-llm/peteish7/step350000-unsharded/
351000,https://olmo-checkpoints.org/ai2-llm/peteish7/step351000-unsharded/
352000,https://olmo-checkpoints.org/ai2-llm/peteish7/step352000-unsharded/
353000,https://olmo-checkpoints.org/ai2-llm/peteish7/step353000-unsharded/
354000,https://olmo-checkpoints.org/ai2-llm/peteish7/step354000-unsharded/
355000,https://olmo-checkpoints.org/ai2-llm/peteish7/step355000-unsharded/
356000,https://olmo-checkpoints.org/ai2-llm/peteish7/step356000-unsharded/
357000,https://olmo-checkpoints.org/ai2-llm/peteish7/step357000-unsharded/
358000,https://olmo-checkpoints.org/ai2-llm/peteish7/step358000-unsharded/
359000,https://olmo-checkpoints.org/ai2-llm/peteish7/step359000-unsharded/
360000,https://olmo-checkpoints.org/ai2-llm/peteish7/step360000-unsharded/
361000,https://olmo-checkpoints.org/ai2-llm/peteish7/step361000-unsharded/
362000,https://olmo-checkpoints.org/ai2-llm/peteish7/step362000-unsharded/
363000,https://olmo-checkpoints.org/ai2-llm/peteish7/step363000-unsharded/
364000,https://olmo-checkpoints.org/ai2-llm/peteish7/step364000-unsharded/
365000,https://olmo-checkpoints.org/ai2-llm/peteish7/step365000-unsharded/
366000,https://olmo-checkpoints.org/ai2-llm/peteish7/step366000-unsharded/
367000,https://olmo-checkpoints.org/ai2-llm/peteish7/step367000-unsharded/
368000,https://olmo-checkpoints.org/ai2-llm/peteish7/step368000-unsharded/
369000,https://olmo-checkpoints.org/ai2-llm/peteish7/step369000-unsharded/
370000,https://olmo-checkpoints.org/ai2-llm/peteish7/step370000-unsharded/
371000,https://olmo-checkpoints.org/ai2-llm/peteish7/step371000-unsharded/
372000,https://olmo-checkpoints.org/ai2-llm/peteish7/step372000-unsharded/
373000,https://olmo-checkpoints.org/ai2-llm/peteish7/step373000-unsharded/
374000,https://olmo-checkpoints.org/ai2-llm/peteish7/step374000-unsharded/
375000,https://olmo-checkpoints.org/ai2-llm/peteish7/step375000-unsharded/
376000,https://olmo-checkpoints.org/ai2-llm/peteish7/step376000-unsharded/
377000,https://olmo-checkpoints.org/ai2-llm/peteish7/step377000-unsharded/
378000,https://olmo-checkpoints.org/ai2-llm/peteish7/step378000-unsharded/
379000,https://olmo-checkpoints.org/ai2-llm/peteish7/step379000-unsharded/
380000,https://olmo-checkpoints.org/ai2-llm/peteish7/step380000-unsharded/
381000,https://olmo-checkpoints.org/ai2-llm/peteish7/step381000-unsharded/
382000,https://olmo-checkpoints.org/ai2-llm/peteish7/step382000-unsharded/
383000,https://olmo-checkpoints.org/ai2-llm/peteish7/step383000-unsharded/
384000,https://olmo-checkpoints.org/ai2-llm/peteish7/step384000-unsharded/
385000,https://olmo-checkpoints.org/ai2-llm/peteish7/step385000-unsharded/
386000,https://olmo-checkpoints.org/ai2-llm/peteish7/step386000-unsharded/
387000,https://olmo-checkpoints.org/ai2-llm/peteish7/step387000-unsharded/
388000,https://olmo-checkpoints.org/ai2-llm/peteish7/step388000-unsharded/
389000,https://olmo-checkpoints.org/ai2-llm/peteish7/step389000-unsharded/
390000,https://olmo-checkpoints.org/ai2-llm/peteish7/step390000-unsharded/
391000,https://olmo-checkpoints.org/ai2-llm/peteish7/step391000-unsharded/
392000,https://olmo-checkpoints.org/ai2-llm/peteish7/step392000-unsharded/
393000,https://olmo-checkpoints.org/ai2-llm/peteish7/step393000-unsharded/
394000,https://olmo-checkpoints.org/ai2-llm/peteish7/step394000-unsharded/
395000,https://olmo-checkpoints.org/ai2-llm/peteish7/step395000-unsharded/
396000,https://olmo-checkpoints.org/ai2-llm/peteish7/step396000-unsharded/
397000,https://olmo-checkpoints.org/ai2-llm/peteish7/step397000-unsharded/
398000,https://olmo-checkpoints.org/ai2-llm/peteish7/step398000-unsharded/
399000,https://olmo-checkpoints.org/ai2-llm/peteish7/step399000-unsharded/
400000,https://olmo-checkpoints.org/ai2-llm/peteish7/step400000-unsharded/
401000,https://olmo-checkpoints.org/ai2-llm/peteish7/step401000-unsharded/
402000,https://olmo-checkpoints.org/ai2-llm/peteish7/step402000-unsharded/
403000,https://olmo-checkpoints.org/ai2-llm/peteish7/step403000-unsharded/
404000,https://olmo-checkpoints.org/ai2-llm/peteish7/step404000-unsharded/
405000,https://olmo-checkpoints.org/ai2-llm/peteish7/step405000-unsharded/
406000,https://olmo-checkpoints.org/ai2-llm/peteish7/step406000-unsharded/
407000,https://olmo-checkpoints.org/ai2-llm/peteish7/step407000-unsharded/
408000,https://olmo-checkpoints.org/ai2-llm/peteish7/step408000-unsharded/
409000,https://olmo-checkpoints.org/ai2-llm/peteish7/step409000-unsharded/
410000,https://olmo-checkpoints.org/ai2-llm/peteish7/step410000-unsharded/
411000,https://olmo-checkpoints.org/ai2-llm/peteish7/step411000-unsharded/
412000,https://olmo-checkpoints.org/ai2-llm/peteish7/step412000-unsharded/
413000,https://olmo-checkpoints.org/ai2-llm/peteish7/step413000-unsharded/
414000,https://olmo-checkpoints.org/ai2-llm/peteish7/step414000-unsharded/
415000,https://olmo-checkpoints.org/ai2-llm/peteish7/step415000-unsharded/
416000,https://olmo-checkpoints.org/ai2-llm/peteish7/step416000-unsharded/
417000,https://olmo-checkpoints.org/ai2-llm/peteish7/step417000-unsharded/
418000,https://olmo-checkpoints.org/ai2-llm/peteish7/step418000-unsharded/
419000,https://olmo-checkpoints.org/ai2-llm/peteish7/step419000-unsharded/
420000,https://olmo-checkpoints.org/ai2-llm/peteish7/step420000-unsharded/
421000,https://olmo-checkpoints.org/ai2-llm/peteish7/step421000-unsharded/
422000,https://olmo-checkpoints.org/ai2-llm/peteish7/step422000-unsharded/
423000,https://olmo-checkpoints.org/ai2-llm/peteish7/step423000-unsharded/
424000,https://olmo-checkpoints.org/ai2-llm/peteish7/step424000-unsharded/
425000,https://olmo-checkpoints.org/ai2-llm/peteish7/step425000-unsharded/
426000,https://olmo-checkpoints.org/ai2-llm/peteish7/step426000-unsharded/
427000,https://olmo-checkpoints.org/ai2-llm/peteish7/step427000-unsharded/
428000,https://olmo-checkpoints.org/ai2-llm/peteish7/step428000-unsharded/
429000,https://olmo-checkpoints.org/ai2-llm/peteish7/step429000-unsharded/
430000,https://olmo-checkpoints.org/ai2-llm/peteish7/step430000-unsharded/
431000,https://olmo-checkpoints.org/ai2-llm/peteish7/step431000-unsharded/
432000,https://olmo-checkpoints.org/ai2-llm/peteish7/step432000-unsharded/
433000,https://olmo-checkpoints.org/ai2-llm/peteish7/step433000-unsharded/
434000,https://olmo-checkpoints.org/ai2-llm/peteish7/step434000-unsharded/
435000,https://olmo-checkpoints.org/ai2-llm/peteish7/step435000-unsharded/
436000,https://olmo-checkpoints.org/ai2-llm/peteish7/step436000-unsharded/
437000,https://olmo-checkpoints.org/ai2-llm/peteish7/step437000-unsharded/
438000,https://olmo-checkpoints.org/ai2-llm/peteish7/step438000-unsharded/
439000,https://olmo-checkpoints.org/ai2-llm/peteish7/step439000-unsharded/
440000,https://olmo-checkpoints.org/ai2-llm/peteish7/step440000-unsharded/
441000,https://olmo-checkpoints.org/ai2-llm/peteish7/step441000-unsharded/
442000,https://olmo-checkpoints.org/ai2-llm/peteish7/step442000-unsharded/
443000,https://olmo-checkpoints.org/ai2-llm/peteish7/step443000-unsharded/
444000,https://olmo-checkpoints.org/ai2-llm/peteish7/step444000-unsharded/
445000,https://olmo-checkpoints.org/ai2-llm/peteish7/step445000-unsharded/
446000,https://olmo-checkpoints.org/ai2-llm/peteish7/step446000-unsharded/
447000,https://olmo-checkpoints.org/ai2-llm/peteish7/step447000-unsharded/
448000,https://olmo-checkpoints.org/ai2-llm/peteish7/step448000-unsharded/
449000,https://olmo-checkpoints.org/ai2-llm/peteish7/step449000-unsharded/
450000,https://olmo-checkpoints.org/ai2-llm/peteish7/step450000-unsharded/
451000,https://olmo-checkpoints.org/ai2-llm/peteish7/step451000-unsharded/
452000,https://olmo-checkpoints.org/ai2-llm/peteish7/step452000-unsharded/
453000,https://olmo-checkpoints.org/ai2-llm/peteish7/step453000-unsharded/
454000,https://olmo-checkpoints.org/ai2-llm/peteish7/step454000-unsharded/
455000,https://olmo-checkpoints.org/ai2-llm/peteish7/step455000-unsharded/
456000,https://olmo-checkpoints.org/ai2-llm/peteish7/step456000-unsharded/
457000,https://olmo-checkpoints.org/ai2-llm/peteish7/step457000-unsharded/
458000,https://olmo-checkpoints.org/ai2-llm/peteish7/step458000-unsharded/
459000,https://olmo-checkpoints.org/ai2-llm/peteish7/step459000-unsharded/
460000,https://olmo-checkpoints.org/ai2-llm/peteish7/step460000-unsharded/
461000,https://olmo-checkpoints.org/ai2-llm/peteish7/step461000-unsharded/
462000,https://olmo-checkpoints.org/ai2-llm/peteish7/step462000-unsharded/
463000,https://olmo-checkpoints.org/ai2-llm/peteish7/step463000-unsharded/
464000,https://olmo-checkpoints.org/ai2-llm/peteish7/step464000-unsharded/
465000,https://olmo-checkpoints.org/ai2-llm/peteish7/step465000-unsharded/
466000,https://olmo-checkpoints.org/ai2-llm/peteish7/step466000-unsharded/
467000,https://olmo-checkpoints.org/ai2-llm/peteish7/step467000-unsharded/
468000,https://olmo-checkpoints.org/ai2-llm/peteish7/step468000-unsharded/
469000,https://olmo-checkpoints.org/ai2-llm/peteish7/step469000-unsharded/
470000,https://olmo-checkpoints.org/ai2-llm/peteish7/step470000-unsharded/
471000,https://olmo-checkpoints.org/ai2-llm/peteish7/step471000-unsharded/
472000,https://olmo-checkpoints.org/ai2-llm/peteish7/step472000-unsharded/
473000,https://olmo-checkpoints.org/ai2-llm/peteish7/step473000-unsharded/
474000,https://olmo-checkpoints.org/ai2-llm/peteish7/step474000-unsharded/
475000,https://olmo-checkpoints.org/ai2-llm/peteish7/step475000-unsharded/
476000,https://olmo-checkpoints.org/ai2-llm/peteish7/step476000-unsharded/
477000,https://olmo-checkpoints.org/ai2-llm/peteish7/step477000-unsharded/
478000,https://olmo-checkpoints.org/ai2-llm/peteish7/step478000-unsharded/
479000,https://olmo-checkpoints.org/ai2-llm/peteish7/step479000-unsharded/
480000,https://olmo-checkpoints.org/ai2-llm/peteish7/step480000-unsharded/
481000,https://olmo-checkpoints.org/ai2-llm/peteish7/step481000-unsharded/
482000,https://olmo-checkpoints.org/ai2-llm/peteish7/step482000-unsharded/
483000,https://olmo-checkpoints.org/ai2-llm/peteish7/step483000-unsharded/
484000,https://olmo-checkpoints.org/ai2-llm/peteish7/step484000-unsharded/
485000,https://olmo-checkpoints.org/ai2-llm/peteish7/step485000-unsharded/
486000,https://olmo-checkpoints.org/ai2-llm/peteish7/step486000-unsharded/
487000,https://olmo-checkpoints.org/ai2-llm/peteish7/step487000-unsharded/
488000,https://olmo-checkpoints.org/ai2-llm/peteish7/step488000-unsharded/
489000,https://olmo-checkpoints.org/ai2-llm/peteish7/step489000-unsharded/
490000,https://olmo-checkpoints.org/ai2-llm/peteish7/step490000-unsharded/
491000,https://olmo-checkpoints.org/ai2-llm/peteish7/step491000-unsharded/
492000,https://olmo-checkpoints.org/ai2-llm/peteish7/step492000-unsharded/
493000,https://olmo-checkpoints.org/ai2-llm/peteish7/step493000-unsharded/
494000,https://olmo-checkpoints.org/ai2-llm/peteish7/step494000-unsharded/
495000,https://olmo-checkpoints.org/ai2-llm/peteish7/step495000-unsharded/
496000,https://olmo-checkpoints.org/ai2-llm/peteish7/step496000-unsharded/
497000,https://olmo-checkpoints.org/ai2-llm/peteish7/step497000-unsharded/
498000,https://olmo-checkpoints.org/ai2-llm/peteish7/step498000-unsharded/
499000,https://olmo-checkpoints.org/ai2-llm/peteish7/step499000-unsharded/
500000,https://olmo-checkpoints.org/ai2-llm/peteish7/step500000-unsharded/
501000,https://olmo-checkpoints.org/ai2-llm/peteish7/step501000-unsharded/
502000,https://olmo-checkpoints.org/ai2-llm/peteish7/step502000-unsharded/
503000,https://olmo-checkpoints.org/ai2-llm/peteish7/step503000-unsharded/
504000,https://olmo-checkpoints.org/ai2-llm/peteish7/step504000-unsharded/
505000,https://olmo-checkpoints.org/ai2-llm/peteish7/step505000-unsharded/
506000,https://olmo-checkpoints.org/ai2-llm/peteish7/step506000-unsharded/
507000,https://olmo-checkpoints.org/ai2-llm/peteish7/step507000-unsharded/
508000,https://olmo-checkpoints.org/ai2-llm/peteish7/step508000-unsharded/
509000,https://olmo-checkpoints.org/ai2-llm/peteish7/step509000-unsharded/
510000,https://olmo-checkpoints.org/ai2-llm/peteish7/step510000-unsharded/
511000,https://olmo-checkpoints.org/ai2-llm/peteish7/step511000-unsharded/
512000,https://olmo-checkpoints.org/ai2-llm/peteish7/step512000-unsharded/
513000,https://olmo-checkpoints.org/ai2-llm/peteish7/step513000-unsharded/
514000,https://olmo-checkpoints.org/ai2-llm/peteish7/step514000-unsharded/
515000,https://olmo-checkpoints.org/ai2-llm/peteish7/step515000-unsharded/
516000,https://olmo-checkpoints.org/ai2-llm/peteish7/step516000-unsharded/
517000,https://olmo-checkpoints.org/ai2-llm/peteish7/step517000-unsharded/
518000,https://olmo-checkpoints.org/ai2-llm/peteish7/step518000-unsharded/
519000,https://olmo-checkpoints.org/ai2-llm/peteish7/step519000-unsharded/
520000,https://olmo-checkpoints.org/ai2-llm/peteish7/step520000-unsharded/
521000,https://olmo-checkpoints.org/ai2-llm/peteish7/step521000-unsharded/
522000,https://olmo-checkpoints.org/ai2-llm/peteish7/step522000-unsharded/
523000,https://olmo-checkpoints.org/ai2-llm/peteish7/step523000-unsharded/
524000,https://olmo-checkpoints.org/ai2-llm/peteish7/step524000-unsharded/
525000,https://olmo-checkpoints.org/ai2-llm/peteish7/step525000-unsharded/
526000,https://olmo-checkpoints.org/ai2-llm/peteish7/step526000-unsharded/
527000,https://olmo-checkpoints.org/ai2-llm/peteish7/step527000-unsharded/
528000,https://olmo-checkpoints.org/ai2-llm/peteish7/step528000-unsharded/
529000,https://olmo-checkpoints.org/ai2-llm/peteish7/step529000-unsharded/
530000,https://olmo-checkpoints.org/ai2-llm/peteish7/step530000-unsharded/
531000,https://olmo-checkpoints.org/ai2-llm/peteish7/step531000-unsharded/
532000,https://olmo-checkpoints.org/ai2-llm/peteish7/step532000-unsharded/
533000,https://olmo-checkpoints.org/ai2-llm/peteish7/step533000-unsharded/
534000,https://olmo-checkpoints.org/ai2-llm/peteish7/step534000-unsharded/
535000,https://olmo-checkpoints.org/ai2-llm/peteish7/step535000-unsharded/
536000,https://olmo-checkpoints.org/ai2-llm/peteish7/step536000-unsharded/
537000,https://olmo-checkpoints.org/ai2-llm/peteish7/step537000-unsharded/
538000,https://olmo-checkpoints.org/ai2-llm/peteish7/step538000-unsharded/
539000,https://olmo-checkpoints.org/ai2-llm/peteish7/step539000-unsharded/
540000,https://olmo-checkpoints.org/ai2-llm/peteish7/step540000-unsharded/
541000,https://olmo-checkpoints.org/ai2-llm/peteish7/step541000-unsharded/
542000,https://olmo-checkpoints.org/ai2-llm/peteish7/step542000-unsharded/
543000,https://olmo-checkpoints.org/ai2-llm/peteish7/step543000-unsharded/
544000,https://olmo-checkpoints.org/ai2-llm/peteish7/step544000-unsharded/
545000,https://olmo-checkpoints.org/ai2-llm/peteish7/step545000-unsharded/
546000,https://olmo-checkpoints.org/ai2-llm/peteish7/step546000-unsharded/
547000,https://olmo-checkpoints.org/ai2-llm/peteish7/step547000-unsharded/
548000,https://olmo-checkpoints.org/ai2-llm/peteish7/step548000-unsharded/
549000,https://olmo-checkpoints.org/ai2-llm/peteish7/step549000-unsharded/
550000,https://olmo-checkpoints.org/ai2-llm/peteish7/step550000-unsharded/
551000,https://olmo-checkpoints.org/ai2-llm/peteish7/step551000-unsharded/
552000,https://olmo-checkpoints.org/ai2-llm/peteish7/step552000-unsharded/
553000,https://olmo-checkpoints.org/ai2-llm/peteish7/step553000-unsharded/
554000,https://olmo-checkpoints.org/ai2-llm/peteish7/step554000-unsharded/
555000,https://olmo-checkpoints.org/ai2-llm/peteish7/step555000-unsharded/
556000,https://olmo-checkpoints.org/ai2-llm/peteish7/step556000-unsharded/
557000,https://olmo-checkpoints.org/ai2-llm/peteish7/step557000-unsharded/
558000,https://olmo-checkpoints.org/ai2-llm/peteish7/step558000-unsharded/
559000,https://olmo-checkpoints.org/ai2-llm/peteish7/step559000-unsharded/
560000,https://olmo-checkpoints.org/ai2-llm/peteish7/step560000-unsharded/
561000,https://olmo-checkpoints.org/ai2-llm/peteish7/step561000-unsharded/
562000,https://olmo-checkpoints.org/ai2-llm/peteish7/step562000-unsharded/
563000,https://olmo-checkpoints.org/ai2-llm/peteish7/step563000-unsharded/
564000,https://olmo-checkpoints.org/ai2-llm/peteish7/step564000-unsharded/
565000,https://olmo-checkpoints.org/ai2-llm/peteish7/step565000-unsharded/
566000,https://olmo-checkpoints.org/ai2-llm/peteish7/step566000-unsharded/
567000,https://olmo-checkpoints.org/ai2-llm/peteish7/step567000-unsharded/
568000,https://olmo-checkpoints.org/ai2-llm/peteish7/step568000-unsharded/
569000,https://olmo-checkpoints.org/ai2-llm/peteish7/step569000-unsharded/
570000,https://olmo-checkpoints.org/ai2-llm/peteish7/step570000-unsharded/
571000,https://olmo-checkpoints.org/ai2-llm/peteish7/step571000-unsharded/
572000,https://olmo-checkpoints.org/ai2-llm/peteish7/step572000-unsharded/
573000,https://olmo-checkpoints.org/ai2-llm/peteish7/step573000-unsharded/
574000,https://olmo-checkpoints.org/ai2-llm/peteish7/step574000-unsharded/
575000,https://olmo-checkpoints.org/ai2-llm/peteish7/step575000-unsharded/
576000,https://olmo-checkpoints.org/ai2-llm/peteish7/step576000-unsharded/
577000,https://olmo-checkpoints.org/ai2-llm/peteish7/step577000-unsharded/
578000,https://olmo-checkpoints.org/ai2-llm/peteish7/step578000-unsharded/
579000,https://olmo-checkpoints.org/ai2-llm/peteish7/step579000-unsharded/
580000,https://olmo-checkpoints.org/ai2-llm/peteish7/step580000-unsharded/
581000,https://olmo-checkpoints.org/ai2-llm/peteish7/step581000-unsharded/
582000,https://olmo-checkpoints.org/ai2-llm/peteish7/step582000-unsharded/
583000,https://olmo-checkpoints.org/ai2-llm/peteish7/step583000-unsharded/
584000,https://olmo-checkpoints.org/ai2-llm/peteish7/step584000-unsharded/
585000,https://olmo-checkpoints.org/ai2-llm/peteish7/step585000-unsharded/
586000,https://olmo-checkpoints.org/ai2-llm/peteish7/step586000-unsharded/
587000,https://olmo-checkpoints.org/ai2-llm/peteish7/step587000-unsharded/
588000,https://olmo-checkpoints.org/ai2-llm/peteish7/step588000-unsharded/
589000,https://olmo-checkpoints.org/ai2-llm/peteish7/step589000-unsharded/
590000,https://olmo-checkpoints.org/ai2-llm/peteish7/step590000-unsharded/
591000,https://olmo-checkpoints.org/ai2-llm/peteish7/step591000-unsharded/
592000,https://olmo-checkpoints.org/ai2-llm/peteish7/step592000-unsharded/
593000,https://olmo-checkpoints.org/ai2-llm/peteish7/step593000-unsharded/
594000,https://olmo-checkpoints.org/ai2-llm/peteish7/step594000-unsharded/
595000,https://olmo-checkpoints.org/ai2-llm/peteish7/step595000-unsharded/
596000,https://olmo-checkpoints.org/ai2-llm/peteish7/step596000-unsharded/
597000,https://olmo-checkpoints.org/ai2-llm/peteish7/step597000-unsharded/
598000,https://olmo-checkpoints.org/ai2-llm/peteish7/step598000-unsharded/
599000,https://olmo-checkpoints.org/ai2-llm/peteish7/step599000-unsharded/
600000,https://olmo-checkpoints.org/ai2-llm/peteish7/step600000-unsharded/
601000,https://olmo-checkpoints.org/ai2-llm/peteish7/step601000-unsharded/
602000,https://olmo-checkpoints.org/ai2-llm/peteish7/step602000-unsharded/
603000,https://olmo-checkpoints.org/ai2-llm/peteish7/step603000-unsharded/
604000,https://olmo-checkpoints.org/ai2-llm/peteish7/step604000-unsharded/
605000,https://olmo-checkpoints.org/ai2-llm/peteish7/step605000-unsharded/
606000,https://olmo-checkpoints.org/ai2-llm/peteish7/step606000-unsharded/
607000,https://olmo-checkpoints.org/ai2-llm/peteish7/step607000-unsharded/
608000,https://olmo-checkpoints.org/ai2-llm/peteish7/step608000-unsharded/
609000,https://olmo-checkpoints.org/ai2-llm/peteish7/step609000-unsharded/
610000,https://olmo-checkpoints.org/ai2-llm/peteish7/step610000-unsharded/
611000,https://olmo-checkpoints.org/ai2-llm/peteish7/step611000-unsharded/
612000,https://olmo-checkpoints.org/ai2-llm/peteish7/step612000-unsharded/
613000,https://olmo-checkpoints.org/ai2-llm/peteish7/step613000-unsharded/
614000,https://olmo-checkpoints.org/ai2-llm/peteish7/step614000-unsharded/
615000,https://olmo-checkpoints.org/ai2-llm/peteish7/step615000-unsharded/
616000,https://olmo-checkpoints.org/ai2-llm/peteish7/step616000-unsharded/
617000,https://olmo-checkpoints.org/ai2-llm/peteish7/step617000-unsharded/
618000,https://olmo-checkpoints.org/ai2-llm/peteish7/step618000-unsharded/
619000,https://olmo-checkpoints.org/ai2-llm/peteish7/step619000-unsharded/
620000,https://olmo-checkpoints.org/ai2-llm/peteish7/step620000-unsharded/
621000,https://olmo-checkpoints.org/ai2-llm/peteish7/step621000-unsharded/
622000,https://olmo-checkpoints.org/ai2-llm/peteish7/step622000-unsharded/
623000,https://olmo-checkpoints.org/ai2-llm/peteish7/step623000-unsharded/
624000,https://olmo-checkpoints.org/ai2-llm/peteish7/step624000-unsharded/
625000,https://olmo-checkpoints.org/ai2-llm/peteish7/step625000-unsharded/
626000,https://olmo-checkpoints.org/ai2-llm/peteish7/step626000-unsharded/
627000,https://olmo-checkpoints.org/ai2-llm/peteish7/step627000-unsharded/
628000,https://olmo-checkpoints.org/ai2-llm/peteish7/step628000-unsharded/
629000,https://olmo-checkpoints.org/ai2-llm/peteish7/step629000-unsharded/
630000,https://olmo-checkpoints.org/ai2-llm/peteish7/step630000-unsharded/
631000,https://olmo-checkpoints.org/ai2-llm/peteish7/step631000-unsharded/
632000,https://olmo-checkpoints.org/ai2-llm/peteish7/step632000-unsharded/
633000,https://olmo-checkpoints.org/ai2-llm/peteish7/step633000-unsharded/
634000,https://olmo-checkpoints.org/ai2-llm/peteish7/step634000-unsharded/
635000,https://olmo-checkpoints.org/ai2-llm/peteish7/step635000-unsharded/
636000,https://olmo-checkpoints.org/ai2-llm/peteish7/step636000-unsharded/
637000,https://olmo-checkpoints.org/ai2-llm/peteish7/step637000-unsharded/
638000,https://olmo-checkpoints.org/ai2-llm/peteish7/step638000-unsharded/
639000,https://olmo-checkpoints.org/ai2-llm/peteish7/step639000-unsharded/
640000,https://olmo-checkpoints.org/ai2-llm/peteish7/step640000-unsharded/
641000,https://olmo-checkpoints.org/ai2-llm/peteish7/step641000-unsharded/
642000,https://olmo-checkpoints.org/ai2-llm/peteish7/step642000-unsharded/
643000,https://olmo-checkpoints.org/ai2-llm/peteish7/step643000-unsharded/
644000,https://olmo-checkpoints.org/ai2-llm/peteish7/step644000-unsharded/
645000,https://olmo-checkpoints.org/ai2-llm/peteish7/step645000-unsharded/
646000,https://olmo-checkpoints.org/ai2-llm/peteish7/step646000-unsharded/
647000,https://olmo-checkpoints.org/ai2-llm/peteish7/step647000-unsharded/
648000,https://olmo-checkpoints.org/ai2-llm/peteish7/step648000-unsharded/
649000,https://olmo-checkpoints.org/ai2-llm/peteish7/step649000-unsharded/
650000,https://olmo-checkpoints.org/ai2-llm/peteish7/step650000-unsharded/
651000,https://olmo-checkpoints.org/ai2-llm/peteish7/step651000-unsharded/
652000,https://olmo-checkpoints.org/ai2-llm/peteish7/step652000-unsharded/
653000,https://olmo-checkpoints.org/ai2-llm/peteish7/step653000-unsharded/
654000,https://olmo-checkpoints.org/ai2-llm/peteish7/step654000-unsharded/
655000,https://olmo-checkpoints.org/ai2-llm/peteish7/step655000-unsharded/
656000,https://olmo-checkpoints.org/ai2-llm/peteish7/step656000-unsharded/
657000,https://olmo-checkpoints.org/ai2-llm/peteish7/step657000-unsharded/
658000,https://olmo-checkpoints.org/ai2-llm/peteish7/step658000-unsharded/
659000,https://olmo-checkpoints.org/ai2-llm/peteish7/step659000-unsharded/
660000,https://olmo-checkpoints.org/ai2-llm/peteish7/step660000-unsharded/
661000,https://olmo-checkpoints.org/ai2-llm/peteish7/step661000-unsharded/
662000,https://olmo-checkpoints.org/ai2-llm/peteish7/step662000-unsharded/
663000,https://olmo-checkpoints.org/ai2-llm/peteish7/step663000-unsharded/
664000,https://olmo-checkpoints.org/ai2-llm/peteish7/step664000-unsharded/
665000,https://olmo-checkpoints.org/ai2-llm/peteish7/step665000-unsharded/
666000,https://olmo-checkpoints.org/ai2-llm/peteish7/step666000-unsharded/
667000,https://olmo-checkpoints.org/ai2-llm/peteish7/step667000-unsharded/
668000,https://olmo-checkpoints.org/ai2-llm/peteish7/step668000-unsharded/
669000,https://olmo-checkpoints.org/ai2-llm/peteish7/step669000-unsharded/
670000,https://olmo-checkpoints.org/ai2-llm/peteish7/step670000-unsharded/
671000,https://olmo-checkpoints.org/ai2-llm/peteish7/step671000-unsharded/
672000,https://olmo-checkpoints.org/ai2-llm/peteish7/step672000-unsharded/
673000,https://olmo-checkpoints.org/ai2-llm/peteish7/step673000-unsharded/
674000,https://olmo-checkpoints.org/ai2-llm/peteish7/step674000-unsharded/
675000,https://olmo-checkpoints.org/ai2-llm/peteish7/step675000-unsharded/
676000,https://olmo-checkpoints.org/ai2-llm/peteish7/step676000-unsharded/
677000,https://olmo-checkpoints.org/ai2-llm/peteish7/step677000-unsharded/
678000,https://olmo-checkpoints.org/ai2-llm/peteish7/step678000-unsharded/
679000,https://olmo-checkpoints.org/ai2-llm/peteish7/step679000-unsharded/
680000,https://olmo-checkpoints.org/ai2-llm/peteish7/step680000-unsharded/
681000,https://olmo-checkpoints.org/ai2-llm/peteish7/step681000-unsharded/
682000,https://olmo-checkpoints.org/ai2-llm/peteish7/step682000-unsharded/
683000,https://olmo-checkpoints.org/ai2-llm/peteish7/step683000-unsharded/
684000,https://olmo-checkpoints.org/ai2-llm/peteish7/step684000-unsharded/
685000,https://olmo-checkpoints.org/ai2-llm/peteish7/step685000-unsharded/
686000,https://olmo-checkpoints.org/ai2-llm/peteish7/step686000-unsharded/
687000,https://olmo-checkpoints.org/ai2-llm/peteish7/step687000-unsharded/
688000,https://olmo-checkpoints.org/ai2-llm/peteish7/step688000-unsharded/
689000,https://olmo-checkpoints.org/ai2-llm/peteish7/step689000-unsharded/
690000,https://olmo-checkpoints.org/ai2-llm/peteish7/step690000-unsharded/
691000,https://olmo-checkpoints.org/ai2-llm/peteish7/step691000-unsharded/
692000,https://olmo-checkpoints.org/ai2-llm/peteish7/step692000-unsharded/
693000,https://olmo-checkpoints.org/ai2-llm/peteish7/step693000-unsharded/
694000,https://olmo-checkpoints.org/ai2-llm/peteish7/step694000-unsharded/
695000,https://olmo-checkpoints.org/ai2-llm/peteish7/step695000-unsharded/
696000,https://olmo-checkpoints.org/ai2-llm/peteish7/step696000-unsharded/
697000,https://olmo-checkpoints.org/ai2-llm/peteish7/step697000-unsharded/
698000,https://olmo-checkpoints.org/ai2-llm/peteish7/step698000-unsharded/
699000,https://olmo-checkpoints.org/ai2-llm/peteish7/step699000-unsharded/
700000,https://olmo-checkpoints.org/ai2-llm/peteish7/step700000-unsharded/
701000,https://olmo-checkpoints.org/ai2-llm/peteish7/step701000-unsharded/
702000,https://olmo-checkpoints.org/ai2-llm/peteish7/step702000-unsharded/
703000,https://olmo-checkpoints.org/ai2-llm/peteish7/step703000-unsharded/
704000,https://olmo-checkpoints.org/ai2-llm/peteish7/step704000-unsharded/
705000,https://olmo-checkpoints.org/ai2-llm/peteish7/step705000-unsharded/
706000,https://olmo-checkpoints.org/ai2-llm/peteish7/step706000-unsharded/
707000,https://olmo-checkpoints.org/ai2-llm/peteish7/step707000-unsharded/
708000,https://olmo-checkpoints.org/ai2-llm/peteish7/step708000-unsharded/
709000,https://olmo-checkpoints.org/ai2-llm/peteish7/step709000-unsharded/
710000,https://olmo-checkpoints.org/ai2-llm/peteish7/step710000-unsharded/
711000,https://olmo-checkpoints.org/ai2-llm/peteish7/step711000-unsharded/
712000,https://olmo-checkpoints.org/ai2-llm/peteish7/step712000-unsharded/
713000,https://olmo-checkpoints.org/ai2-llm/peteish7/step713000-unsharded/
714000,https://olmo-checkpoints.org/ai2-llm/peteish7/step714000-unsharded/
715000,https://olmo-checkpoints.org/ai2-llm/peteish7/step715000-unsharded/
716000,https://olmo-checkpoints.org/ai2-llm/peteish7/step716000-unsharded/
717000,https://olmo-checkpoints.org/ai2-llm/peteish7/step717000-unsharded/
718000,https://olmo-checkpoints.org/ai2-llm/peteish7/step718000-unsharded/
719000,https://olmo-checkpoints.org/ai2-llm/peteish7/step719000-unsharded/
720000,https://olmo-checkpoints.org/ai2-llm/peteish7/step720000-unsharded/
721000,https://olmo-checkpoints.org/ai2-llm/peteish7/step721000-unsharded/
722000,https://olmo-checkpoints.org/ai2-llm/peteish7/step722000-unsharded/
723000,https://olmo-checkpoints.org/ai2-llm/peteish7/step723000-unsharded/
724000,https://olmo-checkpoints.org/ai2-llm/peteish7/step724000-unsharded/
725000,https://olmo-checkpoints.org/ai2-llm/peteish7/step725000-unsharded/
726000,https://olmo-checkpoints.org/ai2-llm/peteish7/step726000-unsharded/
727000,https://olmo-checkpoints.org/ai2-llm/peteish7/step727000-unsharded/
728000,https://olmo-checkpoints.org/ai2-llm/peteish7/step728000-unsharded/
729000,https://olmo-checkpoints.org/ai2-llm/peteish7/step729000-unsharded/
730000,https://olmo-checkpoints.org/ai2-llm/peteish7/step730000-unsharded/
731000,https://olmo-checkpoints.org/ai2-llm/peteish7/step731000-unsharded/
732000,https://olmo-checkpoints.org/ai2-llm/peteish7/step732000-unsharded/
733000,https://olmo-checkpoints.org/ai2-llm/peteish7/step733000-unsharded/
734000,https://olmo-checkpoints.org/ai2-llm/peteish7/step734000-unsharded/
735000,https://olmo-checkpoints.org/ai2-llm/peteish7/step735000-unsharded/
736000,https://olmo-checkpoints.org/ai2-llm/peteish7/step736000-unsharded/
737000,https://olmo-checkpoints.org/ai2-llm/peteish7/step737000-unsharded/
738000,https://olmo-checkpoints.org/ai2-llm/peteish7/step738000-unsharded/
739000,https://olmo-checkpoints.org/ai2-llm/peteish7/step739000-unsharded/
740000,https://olmo-checkpoints.org/ai2-llm/peteish7/step740000-unsharded/
741000,https://olmo-checkpoints.org/ai2-llm/peteish7/step741000-unsharded/
742000,https://olmo-checkpoints.org/ai2-llm/peteish7/step742000-unsharded/
743000,https://olmo-checkpoints.org/ai2-llm/peteish7/step743000-unsharded/
744000,https://olmo-checkpoints.org/ai2-llm/peteish7/step744000-unsharded/
745000,https://olmo-checkpoints.org/ai2-llm/peteish7/step745000-unsharded/
746000,https://olmo-checkpoints.org/ai2-llm/peteish7/step746000-unsharded/
747000,https://olmo-checkpoints.org/ai2-llm/peteish7/step747000-unsharded/
748000,https://olmo-checkpoints.org/ai2-llm/peteish7/step748000-unsharded/
749000,https://olmo-checkpoints.org/ai2-llm/peteish7/step749000-unsharded/
750000,https://olmo-checkpoints.org/ai2-llm/peteish7/step750000-unsharded/
751000,https://olmo-checkpoints.org/ai2-llm/peteish7/step751000-unsharded/
752000,https://olmo-checkpoints.org/ai2-llm/peteish7/step752000-unsharded/
753000,https://olmo-checkpoints.org/ai2-llm/peteish7/step753000-unsharded/
754000,https://olmo-checkpoints.org/ai2-llm/peteish7/step754000-unsharded/
755000,https://olmo-checkpoints.org/ai2-llm/peteish7/step755000-unsharded/
756000,https://olmo-checkpoints.org/ai2-llm/peteish7/step756000-unsharded/
757000,https://olmo-checkpoints.org/ai2-llm/peteish7/step757000-unsharded/
758000,https://olmo-checkpoints.org/ai2-llm/peteish7/step758000-unsharded/
759000,https://olmo-checkpoints.org/ai2-llm/peteish7/step759000-unsharded/
760000,https://olmo-checkpoints.org/ai2-llm/peteish7/step760000-unsharded/
761000,https://olmo-checkpoints.org/ai2-llm/peteish7/step761000-unsharded/
762000,https://olmo-checkpoints.org/ai2-llm/peteish7/step762000-unsharded/
763000,https://olmo-checkpoints.org/ai2-llm/peteish7/step763000-unsharded/
764000,https://olmo-checkpoints.org/ai2-llm/peteish7/step764000-unsharded/
765000,https://olmo-checkpoints.org/ai2-llm/peteish7/step765000-unsharded/
766000,https://olmo-checkpoints.org/ai2-llm/peteish7/step766000-unsharded/
767000,https://olmo-checkpoints.org/ai2-llm/peteish7/step767000-unsharded/
768000,https://olmo-checkpoints.org/ai2-llm/peteish7/step768000-unsharded/
769000,https://olmo-checkpoints.org/ai2-llm/peteish7/step769000-unsharded/
770000,https://olmo-checkpoints.org/ai2-llm/peteish7/step770000-unsharded/
771000,https://olmo-checkpoints.org/ai2-llm/peteish7/step771000-unsharded/
772000,https://olmo-checkpoints.org/ai2-llm/peteish7/step772000-unsharded/
773000,https://olmo-checkpoints.org/ai2-llm/peteish7/step773000-unsharded/
774000,https://olmo-checkpoints.org/ai2-llm/peteish7/step774000-unsharded/
775000,https://olmo-checkpoints.org/ai2-llm/peteish7/step775000-unsharded/
776000,https://olmo-checkpoints.org/ai2-llm/peteish7/step776000-unsharded/
777000,https://olmo-checkpoints.org/ai2-llm/peteish7/step777000-unsharded/
778000,https://olmo-checkpoints.org/ai2-llm/peteish7/step778000-unsharded/
779000,https://olmo-checkpoints.org/ai2-llm/peteish7/step779000-unsharded/
780000,https://olmo-checkpoints.org/ai2-llm/peteish7/step780000-unsharded/
781000,https://olmo-checkpoints.org/ai2-llm/peteish7/step781000-unsharded/
782000,https://olmo-checkpoints.org/ai2-llm/peteish7/step782000-unsharded/
783000,https://olmo-checkpoints.org/ai2-llm/peteish7/step783000-unsharded/
784000,https://olmo-checkpoints.org/ai2-llm/peteish7/step784000-unsharded/
785000,https://olmo-checkpoints.org/ai2-llm/peteish7/step785000-unsharded/
786000,https://olmo-checkpoints.org/ai2-llm/peteish7/step786000-unsharded/
787000,https://olmo-checkpoints.org/ai2-llm/peteish7/step787000-unsharded/
788000,https://olmo-checkpoints.org/ai2-llm/peteish7/step788000-unsharded/
789000,https://olmo-checkpoints.org/ai2-llm/peteish7/step789000-unsharded/
790000,https://olmo-checkpoints.org/ai2-llm/peteish7/step790000-unsharded/
791000,https://olmo-checkpoints.org/ai2-llm/peteish7/step791000-unsharded/
792000,https://olmo-checkpoints.org/ai2-llm/peteish7/step792000-unsharded/
793000,https://olmo-checkpoints.org/ai2-llm/peteish7/step793000-unsharded/
794000,https://olmo-checkpoints.org/ai2-llm/peteish7/step794000-unsharded/
795000,https://olmo-checkpoints.org/ai2-llm/peteish7/step795000-unsharded/
796000,https://olmo-checkpoints.org/ai2-llm/peteish7/step796000-unsharded/
797000,https://olmo-checkpoints.org/ai2-llm/peteish7/step797000-unsharded/
798000,https://olmo-checkpoints.org/ai2-llm/peteish7/step798000-unsharded/
799000,https://olmo-checkpoints.org/ai2-llm/peteish7/step799000-unsharded/
800000,https://olmo-checkpoints.org/ai2-llm/peteish7/step800000-unsharded/
801000,https://olmo-checkpoints.org/ai2-llm/peteish7/step801000-unsharded/
802000,https://olmo-checkpoints.org/ai2-llm/peteish7/step802000-unsharded/
803000,https://olmo-checkpoints.org/ai2-llm/peteish7/step803000-unsharded/
804000,https://olmo-checkpoints.org/ai2-llm/peteish7/step804000-unsharded/
805000,https://olmo-checkpoints.org/ai2-llm/peteish7/step805000-unsharded/
806000,https://olmo-checkpoints.org/ai2-llm/peteish7/step806000-unsharded/
807000,https://olmo-checkpoints.org/ai2-llm/peteish7/step807000-unsharded/
808000,https://olmo-checkpoints.org/ai2-llm/peteish7/step808000-unsharded/
809000,https://olmo-checkpoints.org/ai2-llm/peteish7/step809000-unsharded/
810000,https://olmo-checkpoints.org/ai2-llm/peteish7/step810000-unsharded/
811000,https://olmo-checkpoints.org/ai2-llm/peteish7/step811000-unsharded/
812000,https://olmo-checkpoints.org/ai2-llm/peteish7/step812000-unsharded/
813000,https://olmo-checkpoints.org/ai2-llm/peteish7/step813000-unsharded/
814000,https://olmo-checkpoints.org/ai2-llm/peteish7/step814000-unsharded/
815000,https://olmo-checkpoints.org/ai2-llm/peteish7/step815000-unsharded/
816000,https://olmo-checkpoints.org/ai2-llm/peteish7/step816000-unsharded/
817000,https://olmo-checkpoints.org/ai2-llm/peteish7/step817000-unsharded/
818000,https://olmo-checkpoints.org/ai2-llm/peteish7/step818000-unsharded/
819000,https://olmo-checkpoints.org/ai2-llm/peteish7/step819000-unsharded/
820000,https://olmo-checkpoints.org/ai2-llm/peteish7/step820000-unsharded/
821000,https://olmo-checkpoints.org/ai2-llm/peteish7/step821000-unsharded/
822000,https://olmo-checkpoints.org/ai2-llm/peteish7/step822000-unsharded/
823000,https://olmo-checkpoints.org/ai2-llm/peteish7/step823000-unsharded/
824000,https://olmo-checkpoints.org/ai2-llm/peteish7/step824000-unsharded/
825000,https://olmo-checkpoints.org/ai2-llm/peteish7/step825000-unsharded/
826000,https://olmo-checkpoints.org/ai2-llm/peteish7/step826000-unsharded/
827000,https://olmo-checkpoints.org/ai2-llm/peteish7/step827000-unsharded/
828000,https://olmo-checkpoints.org/ai2-llm/peteish7/step828000-unsharded/
829000,https://olmo-checkpoints.org/ai2-llm/peteish7/step829000-unsharded/
830000,https://olmo-checkpoints.org/ai2-llm/peteish7/step830000-unsharded/
831000,https://olmo-checkpoints.org/ai2-llm/peteish7/step831000-unsharded/
832000,https://olmo-checkpoints.org/ai2-llm/peteish7/step832000-unsharded/
833000,https://olmo-checkpoints.org/ai2-llm/peteish7/step833000-unsharded/
834000,https://olmo-checkpoints.org/ai2-llm/peteish7/step834000-unsharded/
835000,https://olmo-checkpoints.org/ai2-llm/peteish7/step835000-unsharded/
836000,https://olmo-checkpoints.org/ai2-llm/peteish7/step836000-unsharded/
837000,https://olmo-checkpoints.org/ai2-llm/peteish7/step837000-unsharded/
838000,https://olmo-checkpoints.org/ai2-llm/peteish7/step838000-unsharded/
839000,https://olmo-checkpoints.org/ai2-llm/peteish7/step839000-unsharded/
840000,https://olmo-checkpoints.org/ai2-llm/peteish7/step840000-unsharded/
841000,https://olmo-checkpoints.org/ai2-llm/peteish7/step841000-unsharded/
842000,https://olmo-checkpoints.org/ai2-llm/peteish7/step842000-unsharded/
843000,https://olmo-checkpoints.org/ai2-llm/peteish7/step843000-unsharded/
844000,https://olmo-checkpoints.org/ai2-llm/peteish7/step844000-unsharded/
845000,https://olmo-checkpoints.org/ai2-llm/peteish7/step845000-unsharded/
846000,https://olmo-checkpoints.org/ai2-llm/peteish7/step846000-unsharded/
847000,https://olmo-checkpoints.org/ai2-llm/peteish7/step847000-unsharded/
848000,https://olmo-checkpoints.org/ai2-llm/peteish7/step848000-unsharded/
849000,https://olmo-checkpoints.org/ai2-llm/peteish7/step849000-unsharded/
850000,https://olmo-checkpoints.org/ai2-llm/peteish7/step850000-unsharded/
851000,https://olmo-checkpoints.org/ai2-llm/peteish7/step851000-unsharded/
852000,https://olmo-checkpoints.org/ai2-llm/peteish7/step852000-unsharded/
853000,https://olmo-checkpoints.org/ai2-llm/peteish7/step853000-unsharded/
854000,https://olmo-checkpoints.org/ai2-llm/peteish7/step854000-unsharded/
855000,https://olmo-checkpoints.org/ai2-llm/peteish7/step855000-unsharded/
856000,https://olmo-checkpoints.org/ai2-llm/peteish7/step856000-unsharded/
857000,https://olmo-checkpoints.org/ai2-llm/peteish7/step857000-unsharded/
858000,https://olmo-checkpoints.org/ai2-llm/peteish7/step858000-unsharded/
859000,https://olmo-checkpoints.org/ai2-llm/peteish7/step859000-unsharded/
860000,https://olmo-checkpoints.org/ai2-llm/peteish7/step860000-unsharded/
861000,https://olmo-checkpoints.org/ai2-llm/peteish7/step861000-unsharded/
862000,https://olmo-checkpoints.org/ai2-llm/peteish7/step862000-unsharded/
863000,https://olmo-checkpoints.org/ai2-llm/peteish7/step863000-unsharded/
864000,https://olmo-checkpoints.org/ai2-llm/peteish7/step864000-unsharded/
865000,https://olmo-checkpoints.org/ai2-llm/peteish7/step865000-unsharded/
866000,https://olmo-checkpoints.org/ai2-llm/peteish7/step866000-unsharded/
867000,https://olmo-checkpoints.org/ai2-llm/peteish7/step867000-unsharded/
868000,https://olmo-checkpoints.org/ai2-llm/peteish7/step868000-unsharded/
869000,https://olmo-checkpoints.org/ai2-llm/peteish7/step869000-unsharded/
870000,https://olmo-checkpoints.org/ai2-llm/peteish7/step870000-unsharded/
871000,https://olmo-checkpoints.org/ai2-llm/peteish7/step871000-unsharded/
872000,https://olmo-checkpoints.org/ai2-llm/peteish7/step872000-unsharded/
873000,https://olmo-checkpoints.org/ai2-llm/peteish7/step873000-unsharded/
874000,https://olmo-checkpoints.org/ai2-llm/peteish7/step874000-unsharded/
875000,https://olmo-checkpoints.org/ai2-llm/peteish7/step875000-unsharded/
876000,https://olmo-checkpoints.org/ai2-llm/peteish7/step876000-unsharded/
877000,https://olmo-checkpoints.org/ai2-llm/peteish7/step877000-unsharded/
878000,https://olmo-checkpoints.org/ai2-llm/peteish7/step878000-unsharded/
879000,https://olmo-checkpoints.org/ai2-llm/peteish7/step879000-unsharded/
880000,https://olmo-checkpoints.org/ai2-llm/peteish7/step880000-unsharded/
881000,https://olmo-checkpoints.org/ai2-llm/peteish7/step881000-unsharded/
882000,https://olmo-checkpoints.org/ai2-llm/peteish7/step882000-unsharded/
883000,https://olmo-checkpoints.org/ai2-llm/peteish7/step883000-unsharded/
884000,https://olmo-checkpoints.org/ai2-llm/peteish7/step884000-unsharded/
885000,https://olmo-checkpoints.org/ai2-llm/peteish7/step885000-unsharded/
886000,https://olmo-checkpoints.org/ai2-llm/peteish7/step886000-unsharded/
887000,https://olmo-checkpoints.org/ai2-llm/peteish7/step887000-unsharded/
888000,https://olmo-checkpoints.org/ai2-llm/peteish7/step888000-unsharded/
889000,https://olmo-checkpoints.org/ai2-llm/peteish7/step889000-unsharded/
890000,https://olmo-checkpoints.org/ai2-llm/peteish7/step890000-unsharded/
891000,https://olmo-checkpoints.org/ai2-llm/peteish7/step891000-unsharded/
892000,https://olmo-checkpoints.org/ai2-llm/peteish7/step892000-unsharded/
893000,https://olmo-checkpoints.org/ai2-llm/peteish7/step893000-unsharded/
894000,https://olmo-checkpoints.org/ai2-llm/peteish7/step894000-unsharded/
895000,https://olmo-checkpoints.org/ai2-llm/peteish7/step895000-unsharded/
896000,https://olmo-checkpoints.org/ai2-llm/peteish7/step896000-unsharded/
897000,https://olmo-checkpoints.org/ai2-llm/peteish7/step897000-unsharded/
898000,https://olmo-checkpoints.org/ai2-llm/peteish7/step898000-unsharded/
899000,https://olmo-checkpoints.org/ai2-llm/peteish7/step899000-unsharded/
900000,https://olmo-checkpoints.org/ai2-llm/peteish7/step900000-unsharded/
901000,https://olmo-checkpoints.org/ai2-llm/peteish7/step901000-unsharded/
902000,https://olmo-checkpoints.org/ai2-llm/peteish7/step902000-unsharded/
903000,https://olmo-checkpoints.org/ai2-llm/peteish7/step903000-unsharded/
904000,https://olmo-checkpoints.org/ai2-llm/peteish7/step904000-unsharded/
905000,https://olmo-checkpoints.org/ai2-llm/peteish7/step905000-unsharded/
906000,https://olmo-checkpoints.org/ai2-llm/peteish7/step906000-unsharded/
907000,https://olmo-checkpoints.org/ai2-llm/peteish7/step907000-unsharded/
908000,https://olmo-checkpoints.org/ai2-llm/peteish7/step908000-unsharded/
909000,https://olmo-checkpoints.org/ai2-llm/peteish7/step909000-unsharded/
910000,https://olmo-checkpoints.org/ai2-llm/peteish7/step910000-unsharded/
911000,https://olmo-checkpoints.org/ai2-llm/peteish7/step911000-unsharded/
912000,https://olmo-checkpoints.org/ai2-llm/peteish7/step912000-unsharded/
913000,https://olmo-checkpoints.org/ai2-llm/peteish7/step913000-unsharded/
914000,https://olmo-checkpoints.org/ai2-llm/peteish7/step914000-unsharded/
915000,https://olmo-checkpoints.org/ai2-llm/peteish7/step915000-unsharded/
916000,https://olmo-checkpoints.org/ai2-llm/peteish7/step916000-unsharded/
917000,https://olmo-checkpoints.org/ai2-llm/peteish7/step917000-unsharded/
918000,https://olmo-checkpoints.org/ai2-llm/peteish7/step918000-unsharded/
919000,https://olmo-checkpoints.org/ai2-llm/peteish7/step919000-unsharded/
920000,https://olmo-checkpoints.org/ai2-llm/peteish7/step920000-unsharded/
921000,https://olmo-checkpoints.org/ai2-llm/peteish7/step921000-unsharded/
922000,https://olmo-checkpoints.org/ai2-llm/peteish7/step922000-unsharded/
923000,https://olmo-checkpoints.org/ai2-llm/peteish7/step923000-unsharded/
924000,https://olmo-checkpoints.org/ai2-llm/peteish7/step924000-unsharded/
925000,https://olmo-checkpoints.org/ai2-llm/peteish7/step925000-unsharded/
926000,https://olmo-checkpoints.org/ai2-llm/peteish7/step926000-unsharded/
927000,https://olmo-checkpoints.org/ai2-llm/peteish7/step927000-unsharded/
928000,https://olmo-checkpoints.org/ai2-llm/peteish7/step928000-unsharded/
