Step,Checkpoint Directory
1000,https://olmo-checkpoints.org/ai2-llm/olmo-small/w1r5xfzt/step1000-unsharded/
2000,https://olmo-checkpoints.org/ai2-llm/olmo-small/w1r5xfzt/step2000-unsharded/
3000,https://olmo-checkpoints.org/ai2-llm/olmo-small/w1r5xfzt/step3000-unsharded/
4000,https://olmo-checkpoints.org/ai2-llm/olmo-small/w1r5xfzt/step4000-unsharded/
5000,https://olmo-checkpoints.org/ai2-llm/olmo-small/w1r5xfzt/step5000-unsharded/
10000,https://olmo-checkpoints.org/ai2-llm/olmo-small/s7wptaol/step10000-unsharded/
11000,https://olmo-checkpoints.org/ai2-llm/olmo-small/s7wptaol/step11000-unsharded/
12000,https://olmo-checkpoints.org/ai2-llm/olmo-small/s7wptaol/step12000-unsharded/
13000,https://olmo-checkpoints.org/ai2-llm/olmo-small/s7wptaol/step13000-unsharded/
14000,https://olmo-checkpoints.org/ai2-llm/olmo-small/s7wptaol/step14000-unsharded/
15000,https://olmo-checkpoints.org/ai2-llm/olmo-small/s7wptaol/step15000-unsharded/
16000,https://olmo-checkpoints.org/ai2-llm/olmo-small/s7wptaol/step16000-unsharded/
17000,https://olmo-checkpoints.org/ai2-llm/olmo-small/s7wptaol/step17000-unsharded/
18000,https://olmo-checkpoints.org/ai2-llm/olmo-small/s7wptaol/step18000-unsharded/
20000,https://olmo-checkpoints.org/ai2-llm/olmo-small/sw58clgr/step20000-unsharded/
30000,https://olmo-checkpoints.org/ai2-llm/olmo-small/sw58clgr/step30000-unsharded/
40000,https://olmo-checkpoints.org/ai2-llm/olmo-small/sw58clgr/step40000-unsharded/
50000,https://olmo-checkpoints.org/ai2-llm/olmo-small/sw58clgr/step50000-unsharded/
52000,https://olmo-checkpoints.org/ai2-llm/olmo-small/sw58clgr/step52000-unsharded/
53000,https://olmo-checkpoints.org/ai2-llm/olmo-small/sw58clgr/step53000-unsharded/
54000,https://olmo-checkpoints.org/ai2-llm/olmo-small/sw58clgr/step54000-unsharded/
55000,https://olmo-checkpoints.org/ai2-llm/olmo-small/sw58clgr/step55000-unsharded/
56000,https://olmo-checkpoints.org/ai2-llm/olmo-small/sw58clgr/step56000-unsharded/
57000,https://olmo-checkpoints.org/ai2-llm/olmo-small/sw58clgr/step57000-unsharded/
58000,https://olmo-checkpoints.org/ai2-llm/olmo-small/sw58clgr/step58000-unsharded/
59000,https://olmo-checkpoints.org/ai2-llm/olmo-small/sw58clgr/step59000-unsharded/
60000,https://olmo-checkpoints.org/ai2-llm/olmo-small/sw58clgr/step60000-unsharded/
63000,https://olmo-checkpoints.org/ai2-llm/olmo-small/age4ucpn/step63000-unsharded/
64000,https://olmo-checkpoints.org/ai2-llm/olmo-small/age4ucpn/step64000-unsharded/
65000,https://olmo-checkpoints.org/ai2-llm/olmo-small/age4ucpn/step65000-unsharded/
66000,https://olmo-checkpoints.org/ai2-llm/olmo-small/age4ucpn/step66000-unsharded/
67000,https://olmo-checkpoints.org/ai2-llm/olmo-small/age4ucpn/step67000-unsharded/
68000,https://olmo-checkpoints.org/ai2-llm/olmo-small/age4ucpn/step68000-unsharded/
69000,https://olmo-checkpoints.org/ai2-llm/olmo-small/age4ucpn/step69000-unsharded/
70000,https://olmo-checkpoints.org/ai2-llm/olmo-small/age4ucpn/step70000-unsharded/
71000,https://olmo-checkpoints.org/ai2-llm/olmo-small/age4ucpn/step71000-unsharded/
80000,https://olmo-checkpoints.org/ai2-llm/olmo-small/9lhyy6ec/step80000-unsharded/
90000,https://olmo-checkpoints.org/ai2-llm/olmo-small/9lhyy6ec/step90000-unsharded/
95000,https://olmo-checkpoints.org/ai2-llm/olmo-small/9lhyy6ec/step95000-unsharded/
96000,https://olmo-checkpoints.org/ai2-llm/olmo-small/9lhyy6ec/step96000-unsharded/
97000,https://olmo-checkpoints.org/ai2-llm/olmo-small/9lhyy6ec/step97000-unsharded/
98000,https://olmo-checkpoints.org/ai2-llm/olmo-small/9lhyy6ec/step98000-unsharded/
99000,https://olmo-checkpoints.org/ai2-llm/olmo-small/9lhyy6ec/step99000-unsharded/
100000,https://olmo-checkpoints.org/ai2-llm/olmo-small/9lhyy6ec/step100000-unsharded/
101000,https://olmo-checkpoints.org/ai2-llm/olmo-small/9lhyy6ec/step101000-unsharded/
102000,https://olmo-checkpoints.org/ai2-llm/olmo-small/9lhyy6ec/step102000-unsharded/
103000,https://olmo-checkpoints.org/ai2-llm/olmo-small/9lhyy6ec/step103000-unsharded/
104000,https://olmo-checkpoints.org/ai2-llm/olmo-small/e72w3guf/step104000-unsharded/
105000,https://olmo-checkpoints.org/ai2-llm/olmo-small/e72w3guf/step105000-unsharded/
106000,https://olmo-checkpoints.org/ai2-llm/olmo-small/e72w3guf/step106000-unsharded/
110000,https://olmo-checkpoints.org/ai2-llm/olmo-small/czmq3tph/step110000-unsharded/
111000,https://olmo-checkpoints.org/ai2-llm/olmo-small/czmq3tph/step111000-unsharded/
112000,https://olmo-checkpoints.org/ai2-llm/olmo-small/czmq3tph/step112000-unsharded/
113000,https://olmo-checkpoints.org/ai2-llm/olmo-small/czmq3tph/step113000-unsharded/
114000,https://olmo-checkpoints.org/ai2-llm/olmo-small/czmq3tph/step114000-unsharded/
115000,https://olmo-checkpoints.org/ai2-llm/olmo-small/czmq3tph/step115000-unsharded/
116000,https://olmo-checkpoints.org/ai2-llm/olmo-small/czmq3tph/step116000-unsharded/
117000,https://olmo-checkpoints.org/ai2-llm/olmo-small/czmq3tph/step117000-unsharded/
117850,https://olmo-checkpoints.org/ai2-llm/olmo-small/czmq3tph/step117850-unsharded/
330000,https://olmo-checkpoints.org/ai2-llm/olmo-small/7l54afq9/step330000-unsharded/
331000,https://olmo-checkpoints.org/ai2-llm/olmo-small/7l54afq9/step331000-unsharded/
332000,https://olmo-checkpoints.org/ai2-llm/olmo-small/7l54afq9/step332000-unsharded/
333000,https://olmo-checkpoints.org/ai2-llm/olmo-small/7l54afq9/step333000-unsharded/
334000,https://olmo-checkpoints.org/ai2-llm/olmo-small/7l54afq9/step334000-unsharded/
335000,https://olmo-checkpoints.org/ai2-llm/olmo-small/7l54afq9/step335000-unsharded/
336000,https://olmo-checkpoints.org/ai2-llm/olmo-small/7l54afq9/step336000-unsharded/
337000,https://olmo-checkpoints.org/ai2-llm/olmo-small/7l54afq9/step337000-unsharded/
337700,https://olmo-checkpoints.org/ai2-llm/olmo-small/7l54afq9/step337700-unsharded/
340000,https://olmo-checkpoints.org/ai2-llm/olmo-small/mif67a9e/step340000-unsharded/
342000,https://olmo-checkpoints.org/ai2-llm/olmo-small/mif67a9e/step342000-unsharded/
343000,https://olmo-checkpoints.org/ai2-llm/olmo-small/mif67a9e/step343000-unsharded/
344000,https://olmo-checkpoints.org/ai2-llm/olmo-small/mif67a9e/step344000-unsharded/
345000,https://olmo-checkpoints.org/ai2-llm/olmo-small/mif67a9e/step345000-unsharded/
346000,https://olmo-checkpoints.org/ai2-llm/olmo-small/mif67a9e/step346000-unsharded/
347000,https://olmo-checkpoints.org/ai2-llm/olmo-small/mif67a9e/step347000-unsharded/
348000,https://olmo-checkpoints.org/ai2-llm/olmo-small/mif67a9e/step348000-unsharded/
349000,https://olmo-checkpoints.org/ai2-llm/olmo-small/mif67a9e/step349000-unsharded/
349350,https://olmo-checkpoints.org/ai2-llm/olmo-small/mif67a9e/step349350-unsharded/
350000,https://olmo-checkpoints.org/ai2-llm/olmo-small/9frhziu4/step350000-unsharded/
353000,https://olmo-checkpoints.org/ai2-llm/olmo-small/9frhziu4/step353000-unsharded/
354000,https://olmo-checkpoints.org/ai2-llm/olmo-small/9frhziu4/step354000-unsharded/
355000,https://olmo-checkpoints.org/ai2-llm/olmo-small/9frhziu4/step355000-unsharded/
356000,https://olmo-checkpoints.org/ai2-llm/olmo-small/9frhziu4/step356000-unsharded/
357000,https://olmo-checkpoints.org/ai2-llm/olmo-small/9frhziu4/step357000-unsharded/
358000,https://olmo-checkpoints.org/ai2-llm/olmo-small/9frhziu4/step358000-unsharded/
359000,https://olmo-checkpoints.org/ai2-llm/olmo-small/9frhziu4/step359000-unsharded/
360000,https://olmo-checkpoints.org/ai2-llm/olmo-small/9frhziu4/step360000-unsharded/
360850,https://olmo-checkpoints.org/ai2-llm/olmo-small/9frhziu4/step360850-unsharded/
364000,https://olmo-checkpoints.org/ai2-llm/olmo-small/46zc5fly/step364000-unsharded/
365000,https://olmo-checkpoints.org/ai2-llm/olmo-small/46zc5fly/step365000-unsharded/
366000,https://olmo-checkpoints.org/ai2-llm/olmo-small/46zc5fly/step366000-unsharded/
367000,https://olmo-checkpoints.org/ai2-llm/olmo-small/46zc5fly/step367000-unsharded/
368000,https://olmo-checkpoints.org/ai2-llm/olmo-small/46zc5fly/step368000-unsharded/
369000,https://olmo-checkpoints.org/ai2-llm/olmo-small/46zc5fly/step369000-unsharded/
370000,https://olmo-checkpoints.org/ai2-llm/olmo-small/46zc5fly/step370000-unsharded/
371000,https://olmo-checkpoints.org/ai2-llm/olmo-small/46zc5fly/step371000-unsharded/
371900,https://olmo-checkpoints.org/ai2-llm/olmo-small/46zc5fly/step371900-unsharded/
373000,https://olmo-checkpoints.org/ai2-llm/olmo-small/n9ya5dg7/step373000-unsharded/
374000,https://olmo-checkpoints.org/ai2-llm/olmo-small/n9ya5dg7/step374000-unsharded/
375000,https://olmo-checkpoints.org/ai2-llm/olmo-small/n9ya5dg7/step375000-unsharded/
376000,https://olmo-checkpoints.org/ai2-llm/olmo-small/n9ya5dg7/step376000-unsharded/
377000,https://olmo-checkpoints.org/ai2-llm/olmo-small/n9ya5dg7/step377000-unsharded/
378000,https://olmo-checkpoints.org/ai2-llm/olmo-small/n9ya5dg7/step378000-unsharded/
379000,https://olmo-checkpoints.org/ai2-llm/olmo-small/n9ya5dg7/step379000-unsharded/
380000,https://olmo-checkpoints.org/ai2-llm/olmo-small/n9ya5dg7/step380000-unsharded/
381000,https://olmo-checkpoints.org/ai2-llm/olmo-small/n9ya5dg7/step381000-unsharded/
385000,https://olmo-checkpoints.org/ai2-llm/olmo-small/sezmr7ds/step385000-unsharded/
386000,https://olmo-checkpoints.org/ai2-llm/olmo-small/sezmr7ds/step386000-unsharded/
387000,https://olmo-checkpoints.org/ai2-llm/olmo-small/sezmr7ds/step387000-unsharded/
388000,https://olmo-checkpoints.org/ai2-llm/olmo-small/sezmr7ds/step388000-unsharded/
389000,https://olmo-checkpoints.org/ai2-llm/olmo-small/sezmr7ds/step389000-unsharded/
390000,https://olmo-checkpoints.org/ai2-llm/olmo-small/sezmr7ds/step390000-unsharded/
391000,https://olmo-checkpoints.org/ai2-llm/olmo-small/sezmr7ds/step391000-unsharded/
392000,https://olmo-checkpoints.org/ai2-llm/olmo-small/sezmr7ds/step392000-unsharded/
392550,https://olmo-checkpoints.org/ai2-llm/olmo-small/sezmr7ds/step392550-unsharded/
397000,https://olmo-checkpoints.org/ai2-llm/olmo-small/185jyoim/step397000-unsharded/
398000,https://olmo-checkpoints.org/ai2-llm/olmo-small/185jyoim/step398000-unsharded/
399000,https://olmo-checkpoints.org/ai2-llm/olmo-small/185jyoim/step399000-unsharded/
400000,https://olmo-checkpoints.org/ai2-llm/olmo-small/185jyoim/step400000-unsharded/
401000,https://olmo-checkpoints.org/ai2-llm/olmo-small/185jyoim/step401000-unsharded/
402000,https://olmo-checkpoints.org/ai2-llm/olmo-small/185jyoim/step402000-unsharded/
403000,https://olmo-checkpoints.org/ai2-llm/olmo-small/185jyoim/step403000-unsharded/
404000,https://olmo-checkpoints.org/ai2-llm/olmo-small/185jyoim/step404000-unsharded/
404150,https://olmo-checkpoints.org/ai2-llm/olmo-small/185jyoim/step404150-unsharded/
405000,https://olmo-checkpoints.org/ai2-llm/olmo-small/4ryfkyyz/step405000-unsharded/
406000,https://olmo-checkpoints.org/ai2-llm/olmo-small/4ryfkyyz/step406000-unsharded/
407000,https://olmo-checkpoints.org/ai2-llm/olmo-small/4ryfkyyz/step407000-unsharded/
408000,https://olmo-checkpoints.org/ai2-llm/olmo-small/4ryfkyyz/step408000-unsharded/
409000,https://olmo-checkpoints.org/ai2-llm/olmo-small/4ryfkyyz/step409000-unsharded/
410000,https://olmo-checkpoints.org/ai2-llm/olmo-small/njlk53cc/step410000-unsharded/
413000,https://olmo-checkpoints.org/ai2-llm/olmo-small/njlk53cc/step413000-unsharded/
414000,https://olmo-checkpoints.org/ai2-llm/olmo-small/njlk53cc/step414000-unsharded/
415000,https://olmo-checkpoints.org/ai2-llm/olmo-small/njlk53cc/step415000-unsharded/
416000,https://olmo-checkpoints.org/ai2-llm/olmo-small/njlk53cc/step416000-unsharded/
417000,https://olmo-checkpoints.org/ai2-llm/olmo-small/njlk53cc/step417000-unsharded/
418000,https://olmo-checkpoints.org/ai2-llm/olmo-small/njlk53cc/step418000-unsharded/
419000,https://olmo-checkpoints.org/ai2-llm/olmo-small/njlk53cc/step419000-unsharded/
420000,https://olmo-checkpoints.org/ai2-llm/olmo-small/njlk53cc/step420000-unsharded/
420650,https://olmo-checkpoints.org/ai2-llm/olmo-small/njlk53cc/step420650-unsharded/
424000,https://olmo-checkpoints.org/ai2-llm/olmo-small/gqbsxin2/step424000-unsharded/
425000,https://olmo-checkpoints.org/ai2-llm/olmo-small/gqbsxin2/step425000-unsharded/
426000,https://olmo-checkpoints.org/ai2-llm/olmo-small/gqbsxin2/step426000-unsharded/
427000,https://olmo-checkpoints.org/ai2-llm/olmo-small/gqbsxin2/step427000-unsharded/
428000,https://olmo-checkpoints.org/ai2-llm/olmo-small/gqbsxin2/step428000-unsharded/
429000,https://olmo-checkpoints.org/ai2-llm/olmo-small/gqbsxin2/step429000-unsharded/
430000,https://olmo-checkpoints.org/ai2-llm/olmo-small/gqbsxin2/step430000-unsharded/
431000,https://olmo-checkpoints.org/ai2-llm/olmo-small/gqbsxin2/step431000-unsharded/
431900,https://olmo-checkpoints.org/ai2-llm/olmo-small/gqbsxin2/step431900-unsharded/
436000,https://olmo-checkpoints.org/ai2-llm/olmo-small/berj88t7/step436000-unsharded/
437000,https://olmo-checkpoints.org/ai2-llm/olmo-small/berj88t7/step437000-unsharded/
438000,https://olmo-checkpoints.org/ai2-llm/olmo-small/berj88t7/step438000-unsharded/
439000,https://olmo-checkpoints.org/ai2-llm/olmo-small/berj88t7/step439000-unsharded/
440000,https://olmo-checkpoints.org/ai2-llm/olmo-small/berj88t7/step440000-unsharded/
441000,https://olmo-checkpoints.org/ai2-llm/olmo-small/berj88t7/step441000-unsharded/
442000,https://olmo-checkpoints.org/ai2-llm/olmo-small/berj88t7/step442000-unsharded/
443000,https://olmo-checkpoints.org/ai2-llm/olmo-small/berj88t7/step443000-unsharded/
443400,https://olmo-checkpoints.org/ai2-llm/olmo-small/berj88t7/step443400-unsharded/
444000,https://olmo-checkpoints.org/ai2-llm/olmo-small/py49d2az/step444000-unsharded/
445000,https://olmo-checkpoints.org/ai2-llm/olmo-small/py49d2az/step445000-unsharded/
446000,https://olmo-checkpoints.org/ai2-llm/olmo-small/py49d2az/step446000-unsharded/
447000,https://olmo-checkpoints.org/ai2-llm/olmo-small/py49d2az/step447000-unsharded/
448000,https://olmo-checkpoints.org/ai2-llm/olmo-small/py49d2az/step448000-unsharded/
450000,https://olmo-checkpoints.org/ai2-llm/olmo-small/39zrvyeq/step450000-unsharded/
452000,https://olmo-checkpoints.org/ai2-llm/olmo-small/39zrvyeq/step452000-unsharded/
453000,https://olmo-checkpoints.org/ai2-llm/olmo-small/39zrvyeq/step453000-unsharded/
454000,https://olmo-checkpoints.org/ai2-llm/olmo-small/39zrvyeq/step454000-unsharded/
455000,https://olmo-checkpoints.org/ai2-llm/olmo-small/39zrvyeq/step455000-unsharded/
456000,https://olmo-checkpoints.org/ai2-llm/olmo-small/39zrvyeq/step456000-unsharded/
457000,https://olmo-checkpoints.org/ai2-llm/olmo-small/39zrvyeq/step457000-unsharded/
458000,https://olmo-checkpoints.org/ai2-llm/olmo-small/39zrvyeq/step458000-unsharded/
459000,https://olmo-checkpoints.org/ai2-llm/olmo-small/39zrvyeq/step459000-unsharded/
459400,https://olmo-checkpoints.org/ai2-llm/olmo-small/39zrvyeq/step459400-unsharded/
460000,https://olmo-checkpoints.org/ai2-llm/olmo-small/oupb6jak/step460000-unsharded/
463000,https://olmo-checkpoints.org/ai2-llm/olmo-small/oupb6jak/step463000-unsharded/
464000,https://olmo-checkpoints.org/ai2-llm/olmo-small/oupb6jak/step464000-unsharded/
465000,https://olmo-checkpoints.org/ai2-llm/olmo-small/oupb6jak/step465000-unsharded/
466000,https://olmo-checkpoints.org/ai2-llm/olmo-small/oupb6jak/step466000-unsharded/
467000,https://olmo-checkpoints.org/ai2-llm/olmo-small/oupb6jak/step467000-unsharded/
468000,https://olmo-checkpoints.org/ai2-llm/olmo-small/oupb6jak/step468000-unsharded/
469000,https://olmo-checkpoints.org/ai2-llm/olmo-small/oupb6jak/step469000-unsharded/
470000,https://olmo-checkpoints.org/ai2-llm/olmo-small/oupb6jak/step470000-unsharded/
470750,https://olmo-checkpoints.org/ai2-llm/olmo-small/oupb6jak/step470750-unsharded/
475000,https://olmo-checkpoints.org/ai2-llm/olmo-small/w4ele4r3/step475000-unsharded/
476000,https://olmo-checkpoints.org/ai2-llm/olmo-small/w4ele4r3/step476000-unsharded/
477000,https://olmo-checkpoints.org/ai2-llm/olmo-small/w4ele4r3/step477000-unsharded/
478000,https://olmo-checkpoints.org/ai2-llm/olmo-small/w4ele4r3/step478000-unsharded/
479000,https://olmo-checkpoints.org/ai2-llm/olmo-small/w4ele4r3/step479000-unsharded/
480000,https://olmo-checkpoints.org/ai2-llm/olmo-small/w4ele4r3/step480000-unsharded/
481000,https://olmo-checkpoints.org/ai2-llm/olmo-small/w4ele4r3/step481000-unsharded/
482000,https://olmo-checkpoints.org/ai2-llm/olmo-small/w4ele4r3/step482000-unsharded/
482050,https://olmo-checkpoints.org/ai2-llm/olmo-small/w4ele4r3/step482050-unsharded/
486000,https://olmo-checkpoints.org/ai2-llm/olmo-small/qt3d0ypt/step486000-unsharded/
487000,https://olmo-checkpoints.org/ai2-llm/olmo-small/qt3d0ypt/step487000-unsharded/
488000,https://olmo-checkpoints.org/ai2-llm/olmo-small/qt3d0ypt/step488000-unsharded/
489000,https://olmo-checkpoints.org/ai2-llm/olmo-small/qt3d0ypt/step489000-unsharded/
490000,https://olmo-checkpoints.org/ai2-llm/olmo-small/qt3d0ypt/step490000-unsharded/
491000,https://olmo-checkpoints.org/ai2-llm/olmo-small/qt3d0ypt/step491000-unsharded/
492000,https://olmo-checkpoints.org/ai2-llm/olmo-small/qt3d0ypt/step492000-unsharded/
493000,https://olmo-checkpoints.org/ai2-llm/olmo-small/qt3d0ypt/step493000-unsharded/
493050,https://olmo-checkpoints.org/ai2-llm/olmo-small/qt3d0ypt/step493050-unsharded/
497000,https://olmo-checkpoints.org/ai2-llm/olmo-small/h8d87477/step497000-unsharded/
498000,https://olmo-checkpoints.org/ai2-llm/olmo-small/h8d87477/step498000-unsharded/
499000,https://olmo-checkpoints.org/ai2-llm/olmo-small/h8d87477/step499000-unsharded/
500000,https://olmo-checkpoints.org/ai2-llm/olmo-small/h8d87477/step500000-unsharded/
501000,https://olmo-checkpoints.org/ai2-llm/olmo-small/h8d87477/step501000-unsharded/
502000,https://olmo-checkpoints.org/ai2-llm/olmo-small/h8d87477/step502000-unsharded/
503000,https://olmo-checkpoints.org/ai2-llm/olmo-small/h8d87477/step503000-unsharded/
504000,https://olmo-checkpoints.org/ai2-llm/olmo-small/h8d87477/step504000-unsharded/
504200,https://olmo-checkpoints.org/ai2-llm/olmo-small/h8d87477/step504200-unsharded/
505000,https://olmo-checkpoints.org/ai2-llm/olmo-small/h9g4p1cw/step505000-unsharded/
509000,https://olmo-checkpoints.org/ai2-llm/olmo-small/3fii7eec/step509000-unsharded/
510000,https://olmo-checkpoints.org/ai2-llm/olmo-small/3fii7eec/step510000-unsharded/
511000,https://olmo-checkpoints.org/ai2-llm/olmo-small/3fii7eec/step511000-unsharded/
512000,https://olmo-checkpoints.org/ai2-llm/olmo-small/3fii7eec/step512000-unsharded/
513000,https://olmo-checkpoints.org/ai2-llm/olmo-small/3fii7eec/step513000-unsharded/
514000,https://olmo-checkpoints.org/ai2-llm/olmo-small/3fii7eec/step514000-unsharded/
515000,https://olmo-checkpoints.org/ai2-llm/olmo-small/3fii7eec/step515000-unsharded/
516000,https://olmo-checkpoints.org/ai2-llm/olmo-small/3fii7eec/step516000-unsharded/
516250,https://olmo-checkpoints.org/ai2-llm/olmo-small/3fii7eec/step516250-unsharded/
520000,https://olmo-checkpoints.org/ai2-llm/olmo-small/jy5po36u/step520000-unsharded/
521000,https://olmo-checkpoints.org/ai2-llm/olmo-small/jy5po36u/step521000-unsharded/
522000,https://olmo-checkpoints.org/ai2-llm/olmo-small/jy5po36u/step522000-unsharded/
523000,https://olmo-checkpoints.org/ai2-llm/olmo-small/jy5po36u/step523000-unsharded/
524000,https://olmo-checkpoints.org/ai2-llm/olmo-small/jy5po36u/step524000-unsharded/
525000,https://olmo-checkpoints.org/ai2-llm/olmo-small/jy5po36u/step525000-unsharded/
526000,https://olmo-checkpoints.org/ai2-llm/olmo-small/jy5po36u/step526000-unsharded/
527000,https://olmo-checkpoints.org/ai2-llm/olmo-small/jy5po36u/step527000-unsharded/
527150,https://olmo-checkpoints.org/ai2-llm/olmo-small/jy5po36u/step527150-unsharded/
530000,https://olmo-checkpoints.org/ai2-llm/olmo-small/s73qq2ny/step530000-unsharded/
531000,https://olmo-checkpoints.org/ai2-llm/olmo-small/s73qq2ny/step531000-unsharded/
532000,https://olmo-checkpoints.org/ai2-llm/olmo-small/s73qq2ny/step532000-unsharded/
533000,https://olmo-checkpoints.org/ai2-llm/olmo-small/s73qq2ny/step533000-unsharded/
534000,https://olmo-checkpoints.org/ai2-llm/olmo-small/s73qq2ny/step534000-unsharded/
535000,https://olmo-checkpoints.org/ai2-llm/olmo-small/s73qq2ny/step535000-unsharded/
536000,https://olmo-checkpoints.org/ai2-llm/olmo-small/s73qq2ny/step536000-unsharded/
537000,https://olmo-checkpoints.org/ai2-llm/olmo-small/s73qq2ny/step537000-unsharded/
538000,https://olmo-checkpoints.org/ai2-llm/olmo-small/s73qq2ny/step538000-unsharded/
538100,https://olmo-checkpoints.org/ai2-llm/olmo-small/s73qq2ny/step538100-unsharded/
540000,https://olmo-checkpoints.org/ai2-llm/olmo-small/rs1scdrz/step540000-unsharded/
542000,https://olmo-checkpoints.org/ai2-llm/olmo-small/rs1scdrz/step542000-unsharded/
543000,https://olmo-checkpoints.org/ai2-llm/olmo-small/rs1scdrz/step543000-unsharded/
544000,https://olmo-checkpoints.org/ai2-llm/olmo-small/rs1scdrz/step544000-unsharded/
545000,https://olmo-checkpoints.org/ai2-llm/olmo-small/rs1scdrz/step545000-unsharded/
546000,https://olmo-checkpoints.org/ai2-llm/olmo-small/rs1scdrz/step546000-unsharded/
547000,https://olmo-checkpoints.org/ai2-llm/olmo-small/rs1scdrz/step547000-unsharded/
548000,https://olmo-checkpoints.org/ai2-llm/olmo-small/rs1scdrz/step548000-unsharded/
549000,https://olmo-checkpoints.org/ai2-llm/olmo-small/rs1scdrz/step549000-unsharded/
549700,https://olmo-checkpoints.org/ai2-llm/olmo-small/rs1scdrz/step549700-unsharded/
550000,https://olmo-checkpoints.org/ai2-llm/olmo-small/dcd1wqlw/step550000-unsharded/
554000,https://olmo-checkpoints.org/ai2-llm/olmo-small/dcd1wqlw/step554000-unsharded/
555000,https://olmo-checkpoints.org/ai2-llm/olmo-small/dcd1wqlw/step555000-unsharded/
556000,https://olmo-checkpoints.org/ai2-llm/olmo-small/dcd1wqlw/step556000-unsharded/
557000,https://olmo-checkpoints.org/ai2-llm/olmo-small/dcd1wqlw/step557000-unsharded/
558000,https://olmo-checkpoints.org/ai2-llm/olmo-small/dcd1wqlw/step558000-unsharded/
559000,https://olmo-checkpoints.org/ai2-llm/olmo-small/dcd1wqlw/step559000-unsharded/
560000,https://olmo-checkpoints.org/ai2-llm/olmo-small/dcd1wqlw/step560000-unsharded/
561000,https://olmo-checkpoints.org/ai2-llm/olmo-small/dcd1wqlw/step561000-unsharded/
561250,https://olmo-checkpoints.org/ai2-llm/olmo-small/dcd1wqlw/step561250-unsharded/
565000,https://olmo-checkpoints.org/ai2-llm/olmo-small/3xqkbrvw/step565000-unsharded/
566000,https://olmo-checkpoints.org/ai2-llm/olmo-small/3xqkbrvw/step566000-unsharded/
567000,https://olmo-checkpoints.org/ai2-llm/olmo-small/3xqkbrvw/step567000-unsharded/
568000,https://olmo-checkpoints.org/ai2-llm/olmo-small/3xqkbrvw/step568000-unsharded/
569000,https://olmo-checkpoints.org/ai2-llm/olmo-small/3xqkbrvw/step569000-unsharded/
570000,https://olmo-checkpoints.org/ai2-llm/olmo-small/3xqkbrvw/step570000-unsharded/
571000,https://olmo-checkpoints.org/ai2-llm/olmo-small/3xqkbrvw/step571000-unsharded/
572000,https://olmo-checkpoints.org/ai2-llm/olmo-small/3xqkbrvw/step572000-unsharded/
572850,https://olmo-checkpoints.org/ai2-llm/olmo-small/3xqkbrvw/step572850-unsharded/
577000,https://olmo-checkpoints.org/ai2-llm/olmo-small/xgc3lo3d/step577000-unsharded/
578000,https://olmo-checkpoints.org/ai2-llm/olmo-small/xgc3lo3d/step578000-unsharded/
579000,https://olmo-checkpoints.org/ai2-llm/olmo-small/xgc3lo3d/step579000-unsharded/
580000,https://olmo-checkpoints.org/ai2-llm/olmo-small/xgc3lo3d/step580000-unsharded/
581000,https://olmo-checkpoints.org/ai2-llm/olmo-small/xgc3lo3d/step581000-unsharded/
582000,https://olmo-checkpoints.org/ai2-llm/olmo-small/xgc3lo3d/step582000-unsharded/
583000,https://olmo-checkpoints.org/ai2-llm/olmo-small/xgc3lo3d/step583000-unsharded/
584000,https://olmo-checkpoints.org/ai2-llm/olmo-small/xgc3lo3d/step584000-unsharded/
584550,https://olmo-checkpoints.org/ai2-llm/olmo-small/xgc3lo3d/step584550-unsharded/
589000,https://olmo-checkpoints.org/ai2-llm/olmo-small/yifb3rvs/step589000-unsharded/
590000,https://olmo-checkpoints.org/ai2-llm/olmo-small/yifb3rvs/step590000-unsharded/
591000,https://olmo-checkpoints.org/ai2-llm/olmo-small/yifb3rvs/step591000-unsharded/
592000,https://olmo-checkpoints.org/ai2-llm/olmo-small/yifb3rvs/step592000-unsharded/
593000,https://olmo-checkpoints.org/ai2-llm/olmo-small/yifb3rvs/step593000-unsharded/
594000,https://olmo-checkpoints.org/ai2-llm/olmo-small/yifb3rvs/step594000-unsharded/
595000,https://olmo-checkpoints.org/ai2-llm/olmo-small/yifb3rvs/step595000-unsharded/
596000,https://olmo-checkpoints.org/ai2-llm/olmo-small/yifb3rvs/step596000-unsharded/
596100,https://olmo-checkpoints.org/ai2-llm/olmo-small/yifb3rvs/step596100-unsharded/
597000,https://olmo-checkpoints.org/ai2-llm/olmo-small/q1qhhvxg/step597000-unsharded/
598000,https://olmo-checkpoints.org/ai2-llm/olmo-small/q1qhhvxg/step598000-unsharded/
599000,https://olmo-checkpoints.org/ai2-llm/olmo-small/q1qhhvxg/step599000-unsharded/
600000,https://olmo-checkpoints.org/ai2-llm/olmo-small/q1qhhvxg/step600000-unsharded/
601000,https://olmo-checkpoints.org/ai2-llm/olmo-small/q1qhhvxg/step601000-unsharded/
605000,https://olmo-checkpoints.org/ai2-llm/olmo-small/mkunaie6/step605000-unsharded/
606000,https://olmo-checkpoints.org/ai2-llm/olmo-small/mkunaie6/step606000-unsharded/
607000,https://olmo-checkpoints.org/ai2-llm/olmo-small/mkunaie6/step607000-unsharded/
608000,https://olmo-checkpoints.org/ai2-llm/olmo-small/mkunaie6/step608000-unsharded/
609000,https://olmo-checkpoints.org/ai2-llm/olmo-small/mkunaie6/step609000-unsharded/
610000,https://olmo-checkpoints.org/ai2-llm/olmo-small/mkunaie6/step610000-unsharded/
611000,https://olmo-checkpoints.org/ai2-llm/olmo-small/mkunaie6/step611000-unsharded/
612000,https://olmo-checkpoints.org/ai2-llm/olmo-small/mkunaie6/step612000-unsharded/
612650,https://olmo-checkpoints.org/ai2-llm/olmo-small/mkunaie6/step612650-unsharded/
615000,https://olmo-checkpoints.org/ai2-llm/olmo-small/rg0wtuij/step615000-unsharded/
616000,https://olmo-checkpoints.org/ai2-llm/olmo-small/rg0wtuij/step616000-unsharded/
617000,https://olmo-checkpoints.org/ai2-llm/olmo-small/rg0wtuij/step617000-unsharded/
618000,https://olmo-checkpoints.org/ai2-llm/olmo-small/rg0wtuij/step618000-unsharded/
619000,https://olmo-checkpoints.org/ai2-llm/olmo-small/rg0wtuij/step619000-unsharded/
620000,https://olmo-checkpoints.org/ai2-llm/olmo-small/rg0wtuij/step620000-unsharded/
621000,https://olmo-checkpoints.org/ai2-llm/olmo-small/rg0wtuij/step621000-unsharded/
622000,https://olmo-checkpoints.org/ai2-llm/olmo-small/rg0wtuij/step622000-unsharded/
623000,https://olmo-checkpoints.org/ai2-llm/olmo-small/rg0wtuij/step623000-unsharded/
624000,https://olmo-checkpoints.org/ai2-llm/olmo-small/rg0wtuij/step624000-unsharded/
624150,https://olmo-checkpoints.org/ai2-llm/olmo-small/rg0wtuij/step624150-unsharded/
628000,https://olmo-checkpoints.org/ai2-llm/olmo-small/xbvqtb2c/step628000-unsharded/
629000,https://olmo-checkpoints.org/ai2-llm/olmo-small/xbvqtb2c/step629000-unsharded/
630000,https://olmo-checkpoints.org/ai2-llm/olmo-small/xbvqtb2c/step630000-unsharded/
631000,https://olmo-checkpoints.org/ai2-llm/olmo-small/xbvqtb2c/step631000-unsharded/
632000,https://olmo-checkpoints.org/ai2-llm/olmo-small/xbvqtb2c/step632000-unsharded/
633000,https://olmo-checkpoints.org/ai2-llm/olmo-small/xbvqtb2c/step633000-unsharded/
634000,https://olmo-checkpoints.org/ai2-llm/olmo-small/xbvqtb2c/step634000-unsharded/
635000,https://olmo-checkpoints.org/ai2-llm/olmo-small/xbvqtb2c/step635000-unsharded/
635850,https://olmo-checkpoints.org/ai2-llm/olmo-small/xbvqtb2c/step635850-unsharded/
636000,https://olmo-checkpoints.org/ai2-llm/olmo-small/mvuu3vcl/step636000-unsharded/
637000,https://olmo-checkpoints.org/ai2-llm/olmo-small/mvuu3vcl/step637000-unsharded/
638000,https://olmo-checkpoints.org/ai2-llm/olmo-small/mvuu3vcl/step638000-unsharded/
639000,https://olmo-checkpoints.org/ai2-llm/olmo-small/mvuu3vcl/step639000-unsharded/
639650,https://olmo-checkpoints.org/ai2-llm/olmo-small/mvuu3vcl/step639650-unsharded/
640000,https://olmo-checkpoints.org/ai2-llm/olmo-small/4k49us4j/step640000-unsharded/
650000,https://olmo-checkpoints.org/ai2-llm/olmo-small/4k49us4j/step650000-unsharded/
660000,https://olmo-checkpoints.org/ai2-llm/olmo-small/4k49us4j/step660000-unsharded/
670000,https://olmo-checkpoints.org/ai2-llm/olmo-small/4k49us4j/step670000-unsharded/
680000,https://olmo-checkpoints.org/ai2-llm/olmo-small/4k49us4j/step680000-unsharded/
690000,https://olmo-checkpoints.org/ai2-llm/olmo-small/4k49us4j/step690000-unsharded/
693000,https://olmo-checkpoints.org/ai2-llm/olmo-small/4k49us4j/step693000-unsharded/
694000,https://olmo-checkpoints.org/ai2-llm/olmo-small/4k49us4j/step694000-unsharded/
695000,https://olmo-checkpoints.org/ai2-llm/olmo-small/4k49us4j/step695000-unsharded/
696000,https://olmo-checkpoints.org/ai2-llm/olmo-small/4k49us4j/step696000-unsharded/
697000,https://olmo-checkpoints.org/ai2-llm/olmo-small/4k49us4j/step697000-unsharded/
698000,https://olmo-checkpoints.org/ai2-llm/olmo-small/4k49us4j/step698000-unsharded/
699000,https://olmo-checkpoints.org/ai2-llm/olmo-small/4k49us4j/step699000-unsharded/
700000,https://olmo-checkpoints.org/ai2-llm/olmo-small/4k49us4j/step700000-unsharded/
701000,https://olmo-checkpoints.org/ai2-llm/olmo-small/4k49us4j/step701000-unsharded/
710000,https://olmo-checkpoints.org/ai2-llm/olmo-small/g4g72enr/step710000-unsharded/
720000,https://olmo-checkpoints.org/ai2-llm/olmo-small/g4g72enr/step720000-unsharded/
730000,https://olmo-checkpoints.org/ai2-llm/olmo-small/g4g72enr/step730000-unsharded/
731000,https://olmo-checkpoints.org/ai2-llm/olmo-small/g4g72enr/step731000-unsharded/
732000,https://olmo-checkpoints.org/ai2-llm/olmo-small/g4g72enr/step732000-unsharded/
733000,https://olmo-checkpoints.org/ai2-llm/olmo-small/g4g72enr/step733000-unsharded/
734000,https://olmo-checkpoints.org/ai2-llm/olmo-small/g4g72enr/step734000-unsharded/
735000,https://olmo-checkpoints.org/ai2-llm/olmo-small/g4g72enr/step735000-unsharded/
736000,https://olmo-checkpoints.org/ai2-llm/olmo-small/g4g72enr/step736000-unsharded/
737000,https://olmo-checkpoints.org/ai2-llm/olmo-small/g4g72enr/step737000-unsharded/
738000,https://olmo-checkpoints.org/ai2-llm/olmo-small/g4g72enr/step738000-unsharded/
738020,https://olmo-checkpoints.org/ai2-llm/olmo-small/g4g72enr/step738020-unsharded/
